{
  "csv_path": "/home/santiago/AiAtonomousRc/APEX/analysis/lidar_static_posicion_x_right_positive.csv",
  "curve_candidate": {
    "anchor_points_xy_m": [
      [
        0.0,
        0.1408821915074639
      ],
      [
        0.41135727939808003,
        0.1408821915074639
      ],
      [
        1.1952118422305633,
        0.3430675219515453
      ],
      [
        1.3364611630891643,
        0.7874401449566482
      ]
    ],
    "angle_center_deg": NaN,
    "angle_end_deg": NaN,
    "angle_start_deg": NaN,
    "curve_lateral_opening_m": 0.0,
    "curve_point_count": 0,
    "curve_wall_shift_m": 0.0,
    "curve_width_m": 0.6155438255761634,
    "entry_width_m": 0.6155438255761634,
    "entry_x_m": 0.7479223261783273,
    "entry_y_m": 0.2930675219515453,
    "first_curve_point_x_m": 0.7479223261783273,
    "first_curve_point_y_m": 0.2930675219515453,
    "front_closure_point_count": 0,
    "front_closure_y_span_m": 0.0,
    "gap_only_opening": true,
    "heuristic_name": "gap+opposite_continuity",
    "opening_width_gain_m": 0.0,
    "opposite_wall_visible_until_x_m": 1.9479223261783283,
    "path_xy_m": [
      [
        0.0,
        0.1408821915074639
      ],
      [
        0.014005615427753778,
        0.14095882393412476
      ],
      [
        0.02828475059070374,
        0.14118894818557484
      ],
      [
        0.04282876593852577,
        0.14157290471901546
      ],
      [
        0.05762902192089572,
        0.1421110339916477
      ],
      [
        0.07267687898748948,
        0.14280367646067296
      ],
      [
        0.08796369758798293,
        0.14365117258329246
      ],
      [
        0.10348083817205196,
        0.14465386281670736
      ],
      [
        0.11921966118937238,
        0.1458120876181189
      ],
      [
        0.13517152708962007,
        0.14712618744472836
      ],
      [
        0.15132779632247095,
        0.148596502753737
      ],
      [
        0.16767982933760092,
        0.1502233740023461
      ],
      [
        0.18421898658468575,
        0.15200714164775675
      ],
      [
        0.20093662851340138,
        0.1539481461471703
      ],
      [
        0.21782411557342368,
        0.15604672795778807
      ],
      [
        0.23487280821442852,
        0.1583032275368111
      ],
      [
        0.25207406688609174,
        0.16071798534144077
      ],
      [
        0.2694192520380892,
        0.16329134182887825
      ],
      [
        0.28689972412009684,
        0.16602363745632487
      ],
      [
        0.3045068435817906,
        0.16891521268098184
      ],
      [
        0.3222319708728461,
        0.17196640796005033
      ],
      [
        0.34006646644293953,
        0.17517756375073165
      ],
      [
        0.3580016907417466,
        0.17854902051022706
      ],
      [
        0.37602900421894303,
        0.18208111869573768
      ],
      [
        0.39413976732420486,
        0.18577419876446488
      ],
      [
        0.4123253405072081,
        0.18962860117360988
      ],
      [
        0.43057708421762836,
        0.19364466638037384
      ],
      [
        0.4488863589051416,
        0.19782273484195811
      ],
      [
        0.46724452501942376,
        0.20216314701556387
      ],
      [
        0.4856429430101508,
        0.20666624335839237
      ],
      [
        0.5040729733269984,
        0.21133236432764488
      ],
      [
        0.5225259764196423,
        0.21616185038052252
      ],
      [
        0.5409933127377587,
        0.22115504197422667
      ],
      [
        0.5594663427310235,
        0.22631227956595854
      ],
      [
        0.5779364268491122,
        0.2316339036129193
      ],
      [
        0.5963949255417008,
        0.2371202545723103
      ],
      [
        0.6148331992584656,
        0.24277167290133272
      ],
      [
        0.633242608449082,
        0.24858849905718783
      ],
      [
        0.6516145135632259,
        0.25457107349707686
      ],
      [
        0.6699402750505732,
        0.2607197366782009
      ],
      [
        0.6882112533608,
        0.2670348290577615
      ],
      [
        0.7064188089435819,
        0.2735166910929596
      ],
      [
        0.724554302248595,
        0.2801656632409966
      ],
      [
        0.7426090937255152,
        0.2869820859590738
      ],
      [
        0.760574543824018,
        0.2939662997043923
      ],
      [
        0.7784420129937797,
        0.3011186449341534
      ],
      [
        0.7962028616844757,
        0.3084394621055583
      ],
      [
        0.8138484503457823,
        0.3159290916758083
      ],
      [
        0.8313701394273755,
        0.3235878741021046
      ],
      [
        0.8487592893789309,
        0.3314161498416486
      ],
      [
        0.866007260650124,
        0.33941425935164127
      ],
      [
        0.8831054136906311,
        0.3475825430892839
      ],
      [
        0.9000451089501282,
        0.35592134151177796
      ],
      [
        0.916817706878291,
        0.3644309950763244
      ],
      [
        0.9334145679247952,
        0.3731118442401247
      ],
      [
        0.9498270525393171,
        0.38196422946038
      ],
      [
        0.9660465211715321,
        0.3909884911942916
      ],
      [
        0.9820643342711164,
        0.4001849698990606
      ],
      [
        0.9978718522877457,
        0.4095540060318884
      ],
      [
        1.013460435671096,
        0.419095940049976
      ],
      [
        1.028821444870843,
        0.42881111241052505
      ],
      [
        1.0439462403366626,
        0.4386998635707364
      ],
      [
        1.0588261825182308,
        0.4487625339878114
      ],
      [
        1.0734526318652235,
        0.45899946411895143
      ],
      [
        1.0878169488273166,
        0.46941099442135764
      ],
      [
        1.1019104938541857,
        0.47999746535223126
      ],
      [
        1.1157246273955068,
        0.4907592173687735
      ],
      [
        1.129250709900956,
        0.5016965909281855
      ],
      [
        1.142480101820209,
        0.5128099264876689
      ],
      [
        1.1554041636029413,
        0.5240995645044245
      ],
      [
        1.1680142556988296,
        0.5355658454356538
      ],
      [
        1.180301738557549,
        0.5472091097385579
      ],
      [
        1.1922579726287756,
        0.5590296978703382
      ],
      [
        1.2038743183621856,
        0.5710279502881958
      ],
      [
        1.2151421362074546,
        0.583204207449332
      ],
      [
        1.2260527866142583,
        0.5955588098109479
      ],
      [
        1.236597630032273,
        0.608092097830245
      ],
      [
        1.246768026911174,
        0.6208044119644244
      ],
      [
        1.2565553377006378,
        0.6336960926706872
      ],
      [
        1.2659509228503398,
        0.6467674804062349
      ],
      [
        1.2749461428099564,
        0.6600189156282686
      ],
      [
        1.2835323580291629,
        0.6734507387939896
      ],
      [
        1.2917009289576356,
        0.6870632903605992
      ],
      [
        1.29944321604505,
        0.7008569107852983
      ],
      [
        1.3067505797410819,
        0.7148319405252886
      ],
      [
        1.3136143804954077,
        0.7289887200377712
      ],
      [
        1.320025978757703,
        0.743327589779947
      ],
      [
        1.3259767349776435,
        0.7578488902090177
      ],
      [
        1.3314580096049053,
        0.7725529617821844
      ],
      [
        1.3364611630891643,
        0.7874401449566482
      ]
    ],
    "same_side_gap_m": 1.1000000000000008,
    "score": 4.621662139057339,
    "side": "left",
    "side_label_es": "izquierda",
    "start_forward_m": 0.7479223261783273,
    "start_radial_m": 0.8032909674699571,
    "straight_end_x_m": 0.7479223261783273,
    "straight_width_m": 0.6155438255761634,
    "target_x_m": 1.3364611630891643,