{
  "pose_gt": {
    "x_m": -3.2771369568704416,
    "y_m": 2.3918441821470515,
    "yaw_rad": -3.094015704721952
  },
  "rear_axle_gt": {
    "x_m": -3.127306692304305,
    "y_m": 2.398978032442754,
    "yaw_rad": -3.094015704721952
  },
  "pose_gt_estimation_frame": {},
  "twist_gt": {
    "vx_mps": -0.0,
    "vy_mps": 0.0,
    "yaw_rate_rps": 0.0
  },
  "steering_real_deg": 0.0,
  "front_left_steering_rad": 2.0609863948236006e-05,
  "front_right_steering_rad": 1.030402850484388e-05,
  "clearance_left_m": 0.4494866578620072,
  "clearance_right_m": 0.6517594787432399,
  "clearance_inner_m": 0.4494866578620072,
  "clearance_outer_m": 0.6517594787432399,
  "nearest_wall_m": 0.4489780324427539,
  "fusion_error": {},
  "local_path_error_m": NaN,
  "drive_bridge_status": {},
  "vehicle_state": {
    "requested_motor_dc": 7.5,
    "requested_steering_dc": 6.9799999999999995,
    "target_speed_mps": 0.0,
    "applied_speed_mps": 0.0,
    "target_steering_deg": -0.0,
    "applied_steering_deg": 0.0,
    "front_left_steering_rad": 0.0,
    "front_right_steering_rad": 0.0,
    "rear_left_wheel_radps": 0.0,
    "rear_right_wheel_radps": 0.0
  }
}