{
  "pose_gt": {
    "x_m": 5.946253755550581,
    "y_m": 2.0069276825900078,
    "yaw_rad": 1.6310736556394099
  },
  "rear_axle_gt": {
    "x_m": 5.955289880646422,
    "y_m": 1.8572001018199562,
    "yaw_rad": 1.6310736556394099
  },
  "pose_gt_estimation_frame": {},
  "twist_gt": {
    "vx_mps": 0.0,
    "vy_mps": -0.0,
    "yaw_rate_rps": 0.0
  },
  "steering_real_deg": -1.0114246345279332e-67,
  "front_left_steering_rad": 0.00030430776984972474,
  "front_right_steering_rad": -0.00022232091295839812,
  "clearance_left_m": 1.1633127799978804,
  "clearance_right_m": 0.4449473061894694,
  "clearance_inner_m": 0.4449473061894694,
  "clearance_outer_m": 1.1633127799978804,
  "nearest_wall_m": 0.36033368666874527,
  "fusion_error": {},
  "local_path_error_m": NaN,
  "drive_bridge_status": {},
  "vehicle_state": {
    "requested_motor_dc": 7.5,
    "requested_steering_dc": 6.9799999999999995,
    "target_speed_mps": 0.0,
    "applied_speed_mps": 0.0,
    "target_steering_deg": -0.0,
    "applied_steering_deg": -1.0114246345279332e-67,
    "front_left_steering_rad": 0.0,
    "front_right_steering_rad": 0.0,
    "rear_left_wheel_radps": 0.0,
    "rear_right_wheel_radps": 0.0
  }
}