{
  "planner_status": {
    "state": "ready",
    "ready": true,
    "reason": "curve_path_planned",
    "plan_frame_id": "odom_imu_lidar_fused",
    "snapshot_scan_count": 8,
    "path_point_count": 67,
    "planner_pose": {
      "x_m": -0.0028594400402933563,
      "y_m": -0.2891529401972485,
      "yaw_rad": 0.2633273148916383
    },
    "tracking_origin_pose": {
      "x_m": -0.1476888263861356,
      "y_m": -0.3281971311952288,
      "yaw_rad": 0.2633273148916383
    },
    "path_start_pose": {
      "x_m": -0.1476888263861356,
      "y_m": -0.3281971311952288,
      "yaw_rad": 0.08273254338273908
    },
    "target_pose": {
      "x_m": 1.77633622605891,
      "y_m": -0.146236369597736,
      "yaw_rad": 1.5712711548988403
    },
    "entry_line_center_pose": {
      "x_m": 1.7764074502718246,
      "y_m": -0.29623635268810694,
      "yaw_rad": 1.5712711548988387
    },
    "second_corridor_axis_xy": {
      "x": -0.00047482808609959875,
      "y": 0.999999887269138
    },
    "target_depth_into_second_corridor_m": 0.15,
    "target_clearance_inner_m": 0.14,
    "target_clearance_outer_m": 0.1131550194339036,
    "curve_summary": {
      "valid": true,
      "side": "left",
      "side_label_es": "izquierda",
      "entry_x_m": 0.6189557997831917,
      "entry_y_m": 0.2497655567415259,
      "straight_end_x_m": 0.6189557997831917,
      "window_far_wall_x_m": 2.025000000000001,
      "window_width_m": 1.406044200216809,
      "same_side_gap_m": 1.350000000000001,
      "opposite_wall_visible_until_x_m": 1.9689557997831928,
      "score": 4.804835360173447,
      "target_x_m": 1.5750658559306219,
      "target_y_m": -0.3251249079425095,
      "entry_line_center_x_m": 1.5360904383944565,
      "entry_line_center_y_m": -0.46997281724009504,
      "second_corridor_axis_xy": [
        0.2598361169077693,
        0.9656527286505704
      ],
      "target_depth_into_second_corridor_m": 0.15,
      "target_clearance_inner_m": 0.14,
      "target_clearance_outer_m": 0.1131550194339036,
      "gap_only_opening": true,
      "heuristic_name": "gap+opposite_continuity"
    },
    "path_metrics": {
      "path_max_curvature_m_inv": 6.453875494116489,
      "path_min_turn_radius_m": 0.15494566031086662,
      "path_curvature_limit_m_inv": 0.8122992405822658,
      "path_curvature_limit_respected": false,
      "terminal_heading_tail_length_m_applied": 0.8573794429866102
    },
    "local_lidar_target": {
      "x_m": 1.5750658559306219,
      "y_m": -0.3251249079425095
    }
  },
  "path_point_count": 67,
  "path_xy_yaw": [
    [
      -0.1476888263861356,
      -0.3281971311952288,
      0.08273254338273908
    ],
    [
      -0.1177914379435657,
      -0.3257179853112422,
      0.08243829922694788
    ],
    [
      -0.08789332132107111,
      -0.32324763666627304,
      0.08185028114218404
    ],
    [
      -0.05799375725784752,
      -0.32079486908064564,
      0.0809694271750682
    ],
    [
      -0.028092044264440102,
      -0.31836843959278854,
      0.07979713820148435
    ],
    [
      0.001812492658454812,
      -0.3159770652126111,
      0.07833527019140847
    ],
    [
      0.031720493499925374,
      -0.3136294098580011,
      0.07658612360632294
    ],
    [
      0.061632554980641525,
      -0.3113340715455988,
      0.07455242995512654
    ],
    [
      0.09154922261623544,
      -0.30909956990745224,
      0.07223733584267167
    ],
    [
      0.12147098315710066,
      -0.3069343340966374,
      0.06964438534811715
    ],
    [
      0.15139825745292376,
      -0.3048466911215504,
      0.06677750229763615
    ],
    [
      0.18133139378218258,
      -0.3028448546035623,
      0.06364097496688657
    ],
    [
      0.21127066167763559,
      -0.30093691387868343,
      0.060239446970784684
    ],
    [
      0.2412162462694144,
      -0.2991308232531828,
      0.05657791955918402
    ],
    [
      0.2711682431592405,
      -0.2974343910684821,
      0.05266177220477849
    ],
    [
      0.3011266538347583,
      -0.295855268025802,
      0.04849681018486641
    ],
    [
      0.33109138163499996,
      -0.29440093396150874,
      0.044089349735652254
    ],
    [
      0.36106222829029044,
      -0.2930786819480583,
      0.03944635318143786
    ],
    [
      0.3910388910867855,
      -0.29189559822460315,
      0.03457562806968155
    ],
    [
      0.42102096075198525,
      -0.2908585360418486,
      0.029486105611715333
    ],
    [
      0.45100792022758235,
      -0.28997408104889205,
      0.024188214453696337
    ],
    [
      0.4809991445938278,
      -0.28924850537255387,
      0.018694365790093148
    ],
    [
      0.5109939025376335,
      -0.2886877070651093,
      0.013019564885412987
    ],
    [
      0.5409913599146654,
      -0.2882971311534224,
      0.0071821619984291755
    ],
    [
      0.5709905861394701,
      -0.28808166814606045,
      0.0012047523314122602
    ],
    [
      0.6009905643372371,
      -0.28804552558489827,
      -0.004884770199735566
    ],
    [
      0.6309902063884258,
      -0.2881920681079439,
      -0.011052006983382665
    ],
    [
      0.6609883741656567,
      -0.28852362156722094,
      -0.01725470619831941
    ],
    [
      0.6909839083615125,
      -0.2890412370670569,
      -0.023441291230777307
    ],
    [
      0.7209756662831376,
      -0.2897444114004631,
      -0.029549296970403528
    ],
    [
      0.7509625697773382,
      -0.29063076130743026,
      -0.035503758053347705
    ],
    [
      0.7809436639673838,
      -0.2916956502961658,
      -0.04121560773078831
    ],
    [
      0.8109181866391327,
      -0.2929317684859705,
      -0.04658016191093294
    ],
    [
      0.8408856468160048,
      -0.29432866806892355,
      -0.05147577971761475
    ],
    [
      0.8708459092255542,
      -0.2958722595581192,
      -0.05576280918147674
    ],
    [
      0.9007992789280327,
      -0.2975442769975429,
      -0.059282943853347585
    ],
    [
      0.9307465773437155,
      -0.29932172375569266,
      -0.06185913248186768
    ],
    [
      0.960689197357187,
      -0.3011763144203503,
      -0.07777774763852771
    ],
    [
      1.0006670396901294,
      -0.30429198611294,
      -0.10482044533414668
    ],
    [
      1.0408536548688971,
      -0.30851986071159765,
      -0.1271555278598515
    ],
    [
      1.0811317817620294,
      -0.31366922973143796,
      -0.14505615181142037
    ],
    [
      1.1213841592380647,
      -0.3195493846875753,
      -0.15872171636286392
    ],
    [
      1.1614935261655428,
      -0.3259696170951246,
      -0.16827442967524472
    ],
    [
      1.2013426214130016,
      -0.3327392184692002,
      -0.1737554104159103
    ],
    [
      1.2408141838489806,
      -0.33966748032491645,
      -0.1751190493010696
    ],
    [
      1.279790952342019,
      -0.3465636941773885,
      -0.1722245471205248
    ],
    [
      1.3181556657606555,
      -0.3532371515417306,
      -0.16482359407828054
    ],
    [
      1.3557910629734284,
      -0.35949714393305715,
      -0.1525431249728381
    ],
    [
      1.3925798828488776,
      -0.365152962866483,
      -0.13486207454485574
    ],
    [
      1.4284048642555416,
      -0.3700138998571228,
      -0.11108125735016969
    ],
    [
      1.4631487460619588,
      -0.3738892464200908,
      -0.08028630395976827
    ],
    [
      1.496694267136669,
      -0.37658829407050176,
      -0.04130582584576382
    ],
    [
      1.528924166348211,
      -0.37792033432347033,
      0.007327709558391242
    ],
    [
      1.5597211825651232,
      -0.377694658694111,
      0.06739558981460816
    ],
    [
      1.5889680546559448,
      -0.37572055869753845,
      0.1409484974118717
    ],
    [
      1.6165475214892149,
      -0.371807325848867,
      0.23012469349825249
    ],
    [
      1.642342321933472,
      -0.3657642516632116,
      0.33671652253014533
    ],
    [
      1.6662351948572556,
      -0.3574006276556865,
      0.4613789468943475
    ],
    [
