{
  "run_dir": "/work/ros2_ws/apex_curve_track/curve_track_smooth_fix_03_20260329T164251Z",
  "initial_pose": {
    "x_m": 0.018020426213178592,
    "y_m": -0.254110560434563,
    "yaw_rad": 0.2805573153539387,
    "vx_mps": 0.024804796763087354,
    "vy_mps": -0.04422095439072968,
    "yaw_rate_rps": 0.00046533294921178106
  },
  "final_pose": {
    "x_m": 1.7345590935782047,
    "y_m": -0.41642895709631444,
    "yaw_rad": 0.3499672800173515,
    "vx_mps": -0.04091267602259974,
    "vy_mps": -0.15359117757901194,
    "yaw_rate_rps": -0.0008642278841418971
  },
  "target_pose": {
    "x_m": 1.77633622605891,
    "y_m": -0.146236369597736,
    "yaw_rad": 1.5712711548988403
  },
  "final_error_x_m": -0.04177713248070525,
  "final_error_y_m": -0.27019258749857844,
  "final_error_yaw_deg": 69.97555753368286,
  "goal_distance_m": 0.27340329759804904,
  "time_total_s": 17.521662758000048,
  "end_cause": "timeout",
  "path_point_count": 67,
  "trajectory_row_count": 239,
  "lidar_scan_count": 225,
  "lidar_point_count": 22880,
  "planner_status": {
    "state": "ready",
    "ready": true,
    "reason": "curve_path_planned",
    "plan_frame_id": "odom_imu_lidar_fused",
    "snapshot_scan_count": 8,
    "path_point_count": 67,
    "planner_pose": {
      "x_m": -0.0028594400402933563,
      "y_m": -0.2891529401972485,
      "yaw_rad": 0.2633273148916383
    },
    "tracking_origin_pose": {
      "x_m": -0.1476888263861356,
      "y_m": -0.3281971311952288,
      "yaw_rad": 0.2633273148916383
    },
    "path_start_pose": {
      "x_m": -0.1476888263861356,
      "y_m": -0.3281971311952288,
      "yaw_rad": 0.08273254338273908
    },
    "target_pose": {
      "x_m": 1.77633622605891,
      "y_m": -0.146236369597736,
      "yaw_rad": 1.5712711548988403
    },
    "entry_line_center_pose": {
      "x_m": 1.7764074502718246,
      "y_m": -0.29623635268810694,
      "yaw_rad": 1.5712711548988387
    },
    "second_corridor_axis_xy": {
      "x": -0.00047482808609959875,
      "y": 0.999999887269138
    },
    "target_depth_into_second_corridor_m": 0.15,
    "target_clearance_inner_m": 0.14,
    "target_clearance_outer_m": 0.1131550194339036,
    "curve_summary": {
      "valid": true,
      "side": "left",
      "side_label_es": "izquierda",
      "entry_x_m": 0.6189557997831917,
      "entry_y_m": 0.2497655567415259,
      "straight_end_x_m": 0.6189557997831917,
      "window_far_wall_x_m": 2.025000000000001,
      "window_width_m": 1.406044200216809,
      "same_side_gap_m": 1.350000000000001,
      "opposite_wall_visible_until_x_m": 1.9689557997831928,
      "score": 4.804835360173447,
      "target_x_m": 1.5750658559306219,
      "target_y_m": -0.3251249079425095,
      "entry_line_center_x_m": 1.5360904383944565,
      "entry_line_center_y_m": -0.46997281724009504,
      "second_corridor_axis_xy": [
        0.2598361169077693,
        0.9656527286505704
      ],
      "target_depth_into_second_corridor_m": 0.15,
      "target_clearance_inner_m": 0.14,
      "target_clearance_outer_m": 0.1131550194339036,
      "gap_only_opening": true,
      "heuristic_name": "gap+opposite_continuity"
    },
    "path_metrics": {
      "path_max_curvature_m_inv": 6.453875494116489,
      "path_min_turn_radius_m": 0.15494566031086662,
      "path_curvature_limit_m_inv": 0.8122992405822658,
      "path_curvature_limit_respected": false,
      "terminal_heading_tail_length_m_applied": 0.8573794429866102
    },
    "local_lidar_target": {
      "x_m": 1.5750658559306219,
      "y_m": -0.3251249079425095
    }
  },
  "tracker_status": {
    "state": "timeout",
    "terminal": true,
    "cause": "timeout"
  },
  "bridge_status": {}
}