{
  "planner_status": {
    "state": "tracking",
    "ready": true,
    "loop_closure_armed": true,
    "loop_closed": false,
    "travel_distance_m": 17.420329362452165,
    "elapsed_s": 19.400361264000026,
    "start_pose": {
      "x_m": -0.15546476797380895,
      "y_m": 0.2287324134341006,
      "yaw_rad": -0.25935929107395866
    },
    "start_axis": {
      "normal_xy": [
        0.9665544935721858,
        -0.2564613244826896
      ],
      "tangent_xy": [
        0.2564613244826896,
        0.9665544935721858
      ],
      "signed_distance_m": 0.09886279168865048,
      "lateral_offset_m": -0.021673586670109057
    },
    "local_path_age_s": 0.0,
    "odom_age_s": 0.6270508766174316,
    "fusion_confidence": "high",
    "corridor_width_m": 1.4441599580924294,
    "route_point_count": 1127,
    "local_path_source": "tracking",
    "rolling_scan_count": 4,
    "rolling_point_count": 259,
    "candidate_path_source": "tracking",
    "candidate_path_rejected": false,
    "candidate_path_rejection_reason": null,
    "path_rejection_count": 0,
    "path_rescue_count": 1,
    "path_point_count": 28,
    "path_length_m": 1.0743096227296665,
    "path_forward_span_m": 1.0325229909858,
    "path_max_curvature_m_inv": 0.9733363208034035,
    "candidate_path_forward_span_m": 1.0325229909858,
    "candidate_path_length_m": 1.0743096227296662,
    "candidate_path_max_curvature_m_inv": 0.9733363208033009
  },
  "route_point_count": 56,
  "path_xy_yaw": [
    [
      -0.15546476797380895,
      0.2287324134341006,
      -1.4095333469373095
    ],
    [
      -0.1474365216042655,
      0.1793811494155378,
      -1.4178334735554077
    ],
    [
      -0.13981816881137163,
      0.12996495064711472,
      -1.4355633152436802
    ],
    [
      -0.13307710887108673,
      0.0804214534875111,
      -1.464743702512006
    ],
    [
      -0.12778441199262874,
      0.0307023690363057,
      -1.5079365713472714
    ],
    [
      -0.12464349365774641,
      -0.019198879666879203,
      -1.567965481805149
    ],
    [
      -0.12450195159919787,
      -0.06919867865617929,
      -1.6478404892090257
    ],
    [
      -0.1283503495777884,
      -0.11905035332312655,
      -1.750869920917509
    ],
    [
      -0.13730544542790665,
      -0.16824186228478857,
      -1.8807196468334912
    ],
    [
      -0.1525547048370182,
      -0.2158596442735351,
      -2.0409581244172403
    ],
    [
      -0.17520612103330277,
      -0.26043417693970344,
      -2.2335836199568586
    ],
    [
      -0.2059714996809684,
      -0.2998476224782581,
      -2.4565351123070958
    ],
    [
      -0.2446893260458273,
      -0.3314824342313172,
      -2.701475099953276
    ],
    [
      -0.28992164343827764,
      -0.35278342452536754,
      -2.9541934505969976
    ],
    [
      -0.33904206850010665,
      -0.3620978452086823,
      3.0846038320830886
    ],
    [
      -0.38895619172054713,
      -0.35925021470780866,
      2.861440206017601
    ],
    [
      -0.4370026480059039,
      -0.34542631780310745,
      2.6662995901890936
    ],
    [
      -0.4814573578127071,
      -0.32254802411453865,
      2.500043517229487
    ],
    [
      -0.5215135689533361,
      -0.29262785703990973,
      2.3593918124264084
    ],
    [
      -0.5569801983336415,
      -0.25738730208257204,
      2.238907035723412
    ],
    [
      -0.5879542777099888,
      -0.2181390483656878,
      2.1325158704248834
    ],
    [
      -0.6145855413796735,
      -0.17582337835250555,
      2.034428209048946
    ],
    [
      -0.6369448239849396,
      -0.13110305489279417,
      1.9394686416747937
    ],
    [
      -0.6549630888240074,
      -0.08446427355554831,
      1.8428892996724817
    ],
    [
      -0.6683999602738566,
      -0.03630564122933684,
      1.739859225318478
    ],
    [
      -0.6768124638532212,
      0.012978980331960177,
      1.6250459289168766
    ],
    [
      -0.6795234184786147,
      0.06290182830809683,
      1.492914493822649
    ],
    [
      -0.6756336719780776,
      0.11274501570650261,
      1.3393373210733548
    ],
    [
      -0.6641655096790327,
      0.1614043081666288,
      1.1644717905255397
    ],
    [
      -0.6444076246401454,
      0.20732421760790395,
      0.9754343791101425
    ],
    [
      -0.6163734122205402,
      0.24871232683880282,
      0.7861309583554537
    ],
    [
      -0.5810511608231677,
      0.28408638414401527,
      0.6130793472777183
    ],
    [
      -0.5401632223216957,
      0.31285155315456326,
      0.46978972293273374
    ],
    [
      -0.49558382958491437,
      0.33548457284229827,
      0.3634184809491326
    ],
    [
      -0.4488511626768265,
      0.3532575062693886,
      0.2946508725990054
    ],
    [
      -0.40100644369661,
      0.36777765584820016,
      0.25938302379852685
    ],
    [
      -0.3526790523826984,
      0.38060186131525475,
      0.25076308121009044
    ],
    [
      -0.30424292172186834,
      0.39300901417537054,
      0.26096870849423137
    ],
    [
      -0.2559360664525227,
      0.4059097980643018,
      0.2825525850527207
    ],
    [
      -0.20791898262037087,
      0.4198501184996676,
      0.3093022792137836
    ],
    [
      -0.1602919444215335,
      0.43506973686776973,
      0.336622124211985
    ],
    [
      -0.11309838039961638,
      0.45158469281186403,
      0.3615315098567456
    ],
    [
      -0.06633072646673233,
      0.46926999125361535,
      0.38243011398508675
    ],
    [
      -0.019942796020651483,
      0.4879287595563244,
      0.3987716370631829
    ],
    [
      0.02613408542015187,
      0.5073430707064662,
      0.41073776995019595
    ],
    [
      0.07197538609449874,
      0.5273073524839117,
      0.4189534096108092
    ],
    [
      0.11765113609341941,
      0.5476475780576647,
      0.4242536215497542
    ],
    [
      0.1632184437008214,
      0.5682296107422958,
      0.4275021925958399
    ],
    [
      0.20871865115384322,
      0.5889595642765584,
      0.4294611652617503
    ],
    [
      0.2541781627152153,
      0.6097786120064794,
      0.4307117076954303
    ],
    [
      0.2996116038909376,
      0.6306544926085486,
      0.43162492240025563
    ],
    [
      0.3450259620570972,
      0.6515718550297861,
      0.4323766036487015
    ],
    [
      0.39042458426904003,
      0.6725233486891533,
      0.43299419585258797
    ],
    [
      0.4358102584117721,
      0.6935028762172326,
      0.43342780348919363
    ],
    [
      0.48118683145895547,
      0.7145020813724032,
      0.43361254619293194
    ],
    [
      0.5034569017108081,
      0.7248131391197776,
      0.43361254619293194
    ]
  ]
}