{
  "run_dir": "/work/ros2_ws/apex_curve_track/curve_track_soft_08_20260329T100414Z",
  "initial_pose": {
    "x_m": -0.04849803122384132,
    "y_m": -0.07443474707144697,
    "yaw_rad": 0.048721374739866895,
    "vx_mps": 0.0,
    "vy_mps": 0.0,
    "yaw_rate_rps": 0.0
  },
  "final_pose": {
    "x_m": 1.7739860514101435,
    "y_m": 0.6379209370751728,
    "yaw_rad": 0.04591355114991524,
    "vx_mps": 0.0,
    "vy_mps": 0.0,
    "yaw_rate_rps": 0.0
  },
  "target_pose": {
    "x_m": 2.0061135865411868,
    "y_m": 1.3090586995447862,
    "yaw_rad": 1.1387905793019564
  },
  "final_error_x_m": -0.23212753513104323,
  "final_error_y_m": -0.6711377624696133,
  "final_error_yaw_deg": 62.61724123991202,
  "goal_distance_m": 0.71014723035349,
  "time_total_s": 15.132795146999342,
  "end_cause": "timeout",
  "path_point_count": 68,
  "trajectory_row_count": 182,
  "lidar_scan_count": 162,
  "lidar_point_count": 14551,
  "planner_status": {
    "state": "ready",
    "ready": true,
    "reason": "curve_path_planned",
    "plan_frame_id": "odom_imu_lidar_fused",
    "snapshot_scan_count": 8,
    "path_point_count": 68,
    "planner_pose": {
      "x_m": 0.0004707170936078086,
      "y_m": -0.0591669800106852,
      "yaw_rad": 0.06626470330610364
    },
    "tracking_origin_pose": {
      "x_m": -0.14920007757704176,
      "y_m": -0.06909941287762444,
      "yaw_rad": 0.06626470330610364
    },
    "path_start_pose": {
      "x_m": -0.14920007757704176,
      "y_m": -0.06909941287762444,
      "yaw_rad": 0.3493724763673635
    },
    "target_pose": {
      "x_m": 2.0061135865411868,
      "y_m": 1.3090586995447862,
      "yaw_rad": 1.1387905793019564
    },
    "curve_summary": {
      "valid": true,
      "side": "left",
      "side_label_es": "izquierda",
      "entry_x_m": 1.1986796240633089,
      "entry_y_m": 0.6824167439467562,
      "straight_end_x_m": 1.1986796240633089,
      "window_far_wall_x_m": 2.6249999999999987,
      "window_width_m": 1.4263203759366898,
      "same_side_gap_m": 1.3499999999999983,
      "opposite_wall_visible_until_x_m": 2.6986796240633097,
      "score": 4.221056300749352,
      "target_x_m": 1.9118398120316538,
      "target_y_m": 1.2324167439467564,
      "gap_only_opening": true,
      "heuristic_name": "gap+opposite_continuity"
    },
    "path_metrics": {
      "path_max_curvature_m_inv": 0.8117453537508131,
      "path_min_turn_radius_m": 1.2319134262725655,
      "path_curvature_limit_m_inv": 0.8122992405822658
    },
    "local_lidar_target": {
      "x_m": 1.9118398120316538,
      "y_m": 1.2324167439467564
    }
  },
  "tracker_status": {
    "state": "timeout",
    "terminal": true,
    "cause": "timeout"
  },
  "bridge_status": {}
}