{
  "run_dir": "/work/ros2_ws/apex_curve_track/curve_track_soft_04_20260329T090157Z",
  "initial_pose": null,
  "final_pose": null,
  "target_pose": {
    "x_m": 1.8516578551767096,
    "y_m": 1.4732980245312346,
    "yaw_rad": 1.2614836852656894
  },
  "final_error_x_m": null,
  "final_error_y_m": null,
  "final_error_yaw_deg": null,
  "goal_distance_m": null,
  "time_total_s": 1.3425542899999527,
  "end_cause": "aborted_path_loss",
  "path_point_count": 90,
  "trajectory_row_count": 0,
  "planner_status": {
    "state": "ready",
    "ready": true,
    "reason": "curve_path_planned",
    "plan_frame_id": "odom_imu_lidar_fused",
    "snapshot_scan_count": 8,
    "path_point_count": 90,
    "planner_pose": {
      "x_m": 0.00996353230776282,
      "y_m": -0.03417475695211962,
      "yaw_rad": 0.03419596602511203
    },
    "target_pose": {
      "x_m": 1.8516578551767096,
      "y_m": 1.4732980245312346,
      "yaw_rad": 1.2614836852656894
    },
    "curve_summary": {
      "valid": true,
      "side": "left",
      "side_label_es": "izquierda",
      "entry_x_m": 0.9993141282224992,
      "entry_y_m": 0.8936252320234529,
      "straight_end_x_m": 0.9993141282224992,
      "window_far_wall_x_m": 2.4249999999999994,
      "window_width_m": 1.4256858717775,
      "same_side_gap_m": 1.2499999999999998,
      "opposite_wall_visible_until_x_m": 2.3993141282225006,
      "score": 4.220548697422,
      "target_x_m": 1.7121570641112491,
      "target_y_m": 1.4436252320234528,
      "gap_only_opening": true,
      "heuristic_name": "gap+opposite_continuity"
    },
    "local_lidar_target": {
      "x_m": 1.7121570641112491,
      "y_m": 1.4436252320234528
    }
  },
  "tracker_status": {
    "state": "aborted_path_loss",
    "terminal": true,
    "cause": "aborted_path_loss"
  }
}