{
  "run_dir": "/work/ros2_ws/apex_curve_track/curve_track_soft_06_20260329T092044Z",
  "initial_pose": {
    "x_m": -0.16463838991084215,
    "y_m": -0.07743080430894174,
    "yaw_rad": 0.09790900318127709,
    "vx_mps": 0.0,
    "vy_mps": 0.0,
    "yaw_rate_rps": 0.0
  },
  "final_pose": {
    "x_m": 1.4794005795033416,
    "y_m": 0.6336820252147255,
    "yaw_rad": 0.08583119250127245,
    "vx_mps": 0.0,
    "vy_mps": 0.0,
    "yaw_rate_rps": 0.0
  },
  "target_pose": {
    "x_m": 1.5692621001311318,
    "y_m": 1.5555747002566718,
    "yaw_rad": 1.3757283610361364
  },
  "final_error_x_m": -0.08986152062779018,
  "final_error_y_m": -0.9218926750419463,
  "final_error_yaw_deg": 73.90566376292276,
  "goal_distance_m": 0.92626194847113,
  "time_total_s": 14.084570858000006,
  "end_cause": "timeout",
  "path_point_count": 102,
  "trajectory_row_count": 179,
  "planner_status": {
    "state": "ready",
    "ready": true,
    "reason": "curve_path_planned",
    "plan_frame_id": "odom_imu_lidar_fused",
    "snapshot_scan_count": 8,
    "path_point_count": 102,
    "planner_pose": {
      "x_m": -0.027405925948801736,
      "y_m": -0.0573439264107516,
      "yaw_rad": 0.1279384004491654
    },
    "tracking_origin_pose": {
      "x_m": -0.17617998195657977,
      "y_m": -0.07648237616496426,
      "yaw_rad": 0.1279384004491654
    },
    "path_start_pose": {
      "x_m": -0.17617998195657977,
      "y_m": -0.07648237616496426,
      "yaw_rad": 0.21082301490279115
    },
    "target_pose": {
      "x_m": 1.5692621001311318,
      "y_m": 1.5555747002566718,
      "yaw_rad": 1.3757283610361364
    },
    "curve_summary": {
      "valid": true,
      "side": "left",
      "side_label_es": "izquierda",
      "entry_x_m": 0.9438205390927012,
      "entry_y_m": 0.8460179687234599,
      "straight_end_x_m": 0.9438205390927012,
      "window_far_wall_x_m": 2.275,
      "window_width_m": 1.3311794609072987,
      "same_side_gap_m": 1.2499999999999998,
      "opposite_wall_visible_until_x_m": 2.3438205390927025,
      "score": 3.994943568725839,
      "target_x_m": 1.6094102695463506,
      "target_y_m": 1.39601796872346,
      "gap_only_opening": true,
      "heuristic_name": "gap+opposite_continuity"
    },
    "local_lidar_target": {
      "x_m": 1.6094102695463506,
      "y_m": 1.39601796872346
    }
  },
  "tracker_status": {
    "state": "timeout",
    "terminal": true,
    "cause": "timeout"
  },
  "bridge_status": {}
}