pose_index,stamp_sec,stamp_nanosec,x_m,y_m,yaw_rad
0,0,667000000,-0.000000000,-2.500000000,-0.000000000
