stamp_sec,stamp_nanosec,frame_id,child_frame_id,x_m,y_m,yaw_rad,vx_mps,vy_mps,yaw_rate_rps
2,368000000,odom_imu_lidar_fused,base_link,-0.003252485,-0.000111507,-0.000897999,-0.039186561,-0.001343457,-0.003596892
2,919000000,odom_imu_lidar_fused,base_link,-0.005073378,-0.001332887,0.000490451,-0.010969235,-0.007357711,0.001151806
3,255000000,odom_imu_lidar_fused,base_link,-0.002397868,-0.002135026,0.000179729,0.006447010,-0.001932865,0.001205608
3,603000000,odom_imu_lidar_fused,base_link,0.000460910,-0.002382436,-0.000014546,0.008610777,-0.000745210,0.002463785
3,936000000,odom_imu_lidar_fused,base_link,0.003708850,-0.001591099,-0.000611665,0.009782953,0.002383543,0.008938891
4,299000000,odom_imu_lidar_fused,base_link,0.000376017,-0.003278497,-0.000246938,-0.010038655,-0.005082525,0.009279577
4,641000000,odom_imu_lidar_fused,base_link,0.002199687,-0.001620642,-0.000629736,0.005492982,0.004993541,0.002694043
4,979000000,odom_imu_lidar_fused,base_link,0.000630497,-0.002727947,-0.001025334,-0.004726476,-0.003335255,0.003402831
