{
  "closest_point": {
    "angle_deg": -24.000002602779205,
    "distance_m": 0.2070000022649765
  },
  "front_left_45_m": 1.241942286491394,
  "front_m": 0.0,
  "front_right_45_m": 0.447692334651947,
  "left_90_m": 0.6678408980369568,
  "probes_m": {
    "+0deg": 0.0,
    "+10deg": 0.0,
    "+20deg": 0.0,
    "+30deg": 0.0,
    "+45deg": 1.241942286491394,
    "+60deg": 0.7399062514305115,
    "+90deg": 0.6678408980369568,
    "-10deg": 0.0,
    "-180deg": 1.9321457147598267,
    "-20deg": 0.20763888955116272,
    "-30deg": 0.5988461375236511,
    "-45deg": 0.447692334651947,
    "-60deg": 0.3663148283958435,
    "-90deg": 0.32047221064567566
  },
  "range_max_m": 12.0,
  "range_min_m": 0.05000000074505806,
  "right_90_m": 0.32047221064567566,
  "scans_averaged": 40,
  "topic": "/lidar/scan"
}