{
  "closest_point": {
    "angle_deg": -23.0000026105256,
    "distance_m": 0.20763234794139862
  },
  "front_left_45_m": 1.2452794313430786,
  "front_m": 0.0,
  "front_right_45_m": 0.44821664690971375,
  "left_90_m": 0.6706381440162659,
  "probes_m": {
    "+0deg": 0.0,
    "+30deg": 0.0,
    "+45deg": 1.2452794313430786,
    "+60deg": 0.7401562333106995,
    "+90deg": 0.6706381440162659,
    "-180deg": 1.942014217376709,
    "-30deg": 0.6295928955078125,
    "-45deg": 0.44821664690971375,
    "-60deg": 0.36610937118530273,
    "-90deg": 0.3199485242366791
  },
  "range_max_m": 12.0,
  "range_min_m": 0.05000000074505806,
  "right_90_m": 0.3199485242366791,
  "scans_averaged": 40,
  "topic": "/lidar/scan"
}