{
  "closest_point": {
    "angle_deg": 23.0000026105256,
    "distance_m": 0.21012499928474426
  },
  "front_left_45_m": 1.2400431632995605,
  "front_m": 0.0,
  "front_right_45_m": 0.44777587056159973,
  "left_90_m": 0.6625454425811768,
  "probes_m": {
    "+0deg": 0.0,
    "+10deg": 0.0,
    "+20deg": 0.2122812569141388,
    "+30deg": 0.6051290035247803,
    "+45deg": 0.44777587056159973,
    "+60deg": 0.3663240671157837,
    "+90deg": 0.3204827606678009,
    "-10deg": 0.0,
    "-180deg": 1.9185999631881714,
    "-20deg": 0.0,
    "-30deg": 0.0,
    "-45deg": 1.2400431632995605,
    "-60deg": 0.739284098148346,
    "-90deg": 0.6625454425811768
  },
  "range_max_m": 12.0,
  "range_min_m": 0.05000000074505806,
  "right_90_m": 0.3204827606678009,
  "scans_averaged": 40,
  "topic": "/lidar/scan"
}