{
  "planner_status": {
    "state": "ready",
    "ready": true,
    "reason": "curve_path_planned",
    "plan_frame_id": "odom_imu_lidar_fused",
    "snapshot_scan_count": 8,
    "path_point_count": 67,
    "planner_pose": {
      "x_m": -0.0607751458800441,
      "y_m": -0.08718020049205344,
      "yaw_rad": -0.00232550328284403
    },
    "tracking_origin_pose": {
      "x_m": -0.21077474028281298,
      "y_m": -0.08683137531403279,
      "yaw_rad": -0.00232550328284403
    },
    "path_start_pose": {
      "x_m": -0.21077474028281298,
      "y_m": -0.08683137531403279,
      "yaw_rad": 0.32131348418091155
    },
    "target_pose": {
      "x_m": 2.153413722335296,
      "y_m": 0.7710734556923526,
      "yaw_rad": 1.6661257447058426
    },
    "entry_line_center_pose": {
      "x_m": 2.16483593385675,
      "y_m": 0.6516183047613057,
      "yaw_rad": 1.6661257447058415
    },
    "second_corridor_axis_xy": {
      "x": -0.09518509601211461,
      "y": 0.9954595910920566
    },
    "target_depth_into_second_corridor_m": 0.12,
    "target_clearance_inner_m": 1.2368918415564973,
    "target_clearance_outer_m": 0.15000000000000002,
    "curve_summary": {
      "valid": true,
      "side": "left",
      "side_label_es": "izquierda",
      "entry_x_m": 0.8787094099796203,
      "entry_y_m": 0.845053759208643,
      "straight_end_x_m": 0.8787094099796203,
      "window_far_wall_x_m": 2.574999999999999,
      "window_width_m": 1.6962905900203786,
      "same_side_gap_m": 1.2999999999999992,
      "opposite_wall_visible_until_x_m": 2.578709409979622,
      "score": 3.83,
      "target_x_m": 2.0321870111934777,
      "target_y_m": 0.8634004343232061,
      "entry_line_center_x_m": 2.0438869849247423,
      "entry_line_center_y_m": 0.7439721687631314,
      "second_corridor_axis_xy": [
        -0.09749978109387239,
        0.9952355463339556
      ],
      "target_depth_into_second_corridor_m": 0.12,
      "target_clearance_inner_m": 1.2368918415564973,
      "target_clearance_outer_m": 0.15000000000000002,
      "gap_only_opening": true,
      "heuristic_name": "gap+opposite_continuity"
    },
    "path_metrics": {
      "path_max_curvature_m_inv": 1.8895023951231118,
      "path_min_turn_radius_m": 0.5292398689628781,
      "path_curvature_limit_m_inv": 0.8122992405822658
    },
    "local_lidar_target": {
      "x_m": 2.0321870111934777,
      "y_m": 0.8634004343232061
    }
  },
  "path_point_count": 67,
  "path_xy_yaw": [
    [
      -0.21077474028281298,
      -0.08683137531403279,
      0.32131348418091155
    ],
    [
      -0.17282188343601362,
      -0.074198851529568,
      0.3192897896842166
    ],
    [
      -0.13484353995313764,
      -0.061643158547589574,
      0.31505381468586635
    ],
    [
      -0.09681235176282423,
      -0.04924845304544078,
      0.3083029674491704
    ],
    [
      -0.05869835607401608,
      -0.0371107707770177,
      0.29874623910655174
    ],
    [
      -0.02047010615696637,
      -0.025337882353605894,
      0.2862415179636937
    ],
    [
      0.017902367674238414,
      -0.014043935557067936,
      0.2709023803576569
    ],
    [
      0.05644355963286934,
      -0.003339895052535383,
      0.25314231168997803
    ],
    [
      0.09516876753809758,
      0.006677999030747674,
      0.2336437760103109
    ],
    [
      0.13408193560306872,
      0.015938951701641706,
      0.21326162755906575
    ],
    [
      0.17317576573063934,
      0.024404901656581688,
      0.19288792562349705
    ],
    [
      0.2124339530594974,
      0.03207266363484132,
      0.1733131296801324
    ],
    [
      0.25183470458730506,
      0.038970534690799426,
      0.15511557730945996
    ],
    [
      0.2913544500953871,
      0.04515030601682607,
      0.13859979031091127
    ],
    [
      0.3309708651736194,
      0.05067656453504698,
      0.12378962167971679
    ],
    [
      0.37066477762133854,
      0.05561551268408934,
      0.11046954126435492
    ],
    [
      0.4104209541822059,
      0.06002531224061175,
      0.09825947263533714
    ],
    [
      0.450228009937336,
      0.06394936950729242,
      0.0867060977386285
    ],
    [
      0.4900777440904679,
      0.0674132692774448,
      0.07537519570806007
    ],
    [
      0.5299641683412695,
      0.07042542290999244,
      0.06393339675521911
    ],
    [
      0.5698824453673416,
      0.0729810168811736,
      0.052211928456927924
    ],
    [
      0.6098279347145715,
      0.0750685451848445,
      0.04024846502827229
    ],
    [
      0.6497955389398539,
      0.07667804909899661,
      0.028305833980363397
    ],
    [
      0.6897795143085845,
      0.0778101312328486,
      0.016868389333587065
    ],
    [
      0.7297738225231332,
      0.07848483479011191,
      0.006618695316271474
    ],
    [
      0.7697729456828226,
      0.07874958066515399,
      -0.0016011544934914146
    ],
    [
      0.8097728941213409,
      0.0786855345132406,
      -0.006838064798126119
    ],
    [
      0.8497719589260871,
      0.07841201405303508,
      -0.008080621640667722
    ],
    [
      0.8897706528550339,
      0.07808879270617534,
      -0.004311445977503534
    ],
    [
      0.9297702800731321,
      0.07791633540572492,
      0.005442800682372776
    ],
    [
      0.9697696845469906,
      0.07813404634152266,
      0.022062740921184817
    ],
    [
      1.0097599426327055,
      0.07901648422950895,
      0.0462854207536197
    ],
    [
      1.0497170890939236,
      0.0808672394034344,
      0.07864700744020707
    ],
    [
      1.0895934181019593,
      0.08400987545753502,
      0.11941677161825925
    ],
    [
      1.1293084987944573,
      0.08877519547730212,
      0.16852508886770357
    ],
    [
      1.168741739934262,
      0.09548432116271897,
      0.2254954117908358
    ],
    [
      1.2077289367620885,
      0.10442785907462884,
      0.2893972577786871
    ],
    [
      1.2460653690946368,
      0.11584278052858618,
      0.35884055816940574
    ],
    [
      1.283517269971486,
      0.12989022894706434,
      0.4320275399828023
    ],
    [
      1.3198416656435836,
      0.1466385835883012,
      0.5068654594896749
    ],
    [
      1.354812090446238,
      0.16605593373563024,
      0.5811254055014585
    ],
    [
      1.3882455067406922,
      0.18801426994333048,
      0.6526165270198607
    ],
    [
      1.4200250422676843,
      0.21230468091030696,
      0.7193389273110262
    ],
    [
      1.4501143919203046,
      0.23865991145514104,
      0.7795848686773721
    ],
    [
      1.4785623741062932,
      0.26677904860060875,
      0.8319734150947712
    ],
    [
      1.505498942379331,
      0.2963493429031676,
      0.8754215073821365
    ],
    [
      1.531125779655871,
      0.32706177529164393,
      0.9090691177077171
    ],
    [
      1.5557049532356888,
      0.35861900278357733,
      0.932185330347888
    ],
    [
      1.5795481720689841,
      0.39073596726476173,
      0.9440864282236411
    ],
    [
      1.6030074953324762,
      0.42313442636277976,
      0.9440975069562749
    ],
    [
      1.6264664477413833,
      0.4555331288968951,
      0.9315858893124415
    ],
    [
      1.6503288747135,
      0.4876357414574965,
      0.9060857994135518
    ],
    [
      1.675002004154363,
      0.5191193992060487,
      0.8675156592299124
    ],
    [
      1.7008707061981305,
      0.5496281073091164,
      0.8164583989510568
    ],
    [
      1.7282625746536573,
      0.5787767007937514,
      0.7544332136617289
    ],
    [
      1.7574084036490412,
      0.6061712015438249,
      0.6840494796432568
    ],
    [
      1.7884084691253033,
      0.6314480654731313,
      0.608930361755546
    ],
    [
      1.8212180303511811,
      0.6543270881591041,
      0.5333521897780834
    ],
    [
      1.855661473691104,
      0.6746634919580241,
      0.4616557595392935
    ],
    [
      1.8914733678886304,
      0.6924803627745411,
      0.3975884636395549
    ],
    [
      1.928352694475792,
