{
  "run_dir": "/work/ros2_ws/apex_curve_track/curve_track_soft_14_20260329T115503Z",
  "initial_pose": {
    "x_m": -0.09895091828176598,
    "y_m": -0.10187037256590625,
    "yaw_rad": 0.001256201186022868,
    "vx_mps": 0.005438704870287405,
    "vy_mps": -0.028218678633885247,
    "yaw_rate_rps": -0.0006917868283306133
  },
  "final_pose": {
    "x_m": 2.30995475405758,
    "y_m": 0.572341133833056,
    "yaw_rad": -0.06133782585921657,
    "vx_mps": 0.2555103923955768,
    "vy_mps": -0.18374296943482643,
    "yaw_rate_rps": -0.0016947278611589567
  },
  "target_pose": {
    "x_m": 2.153413722335296,
    "y_m": 0.7710734556923526,
    "yaw_rad": 1.6661257447058426
  },
  "final_error_x_m": 0.15654103172228417,
  "final_error_y_m": -0.19873232185929668,
  "final_error_yaw_deg": 98.97637185597756,
  "goal_distance_m": 0.25298148225564704,
  "time_total_s": 8.451083552000455,
  "end_cause": "aborted_path_loss",
  "path_point_count": 67,
  "trajectory_row_count": 114,
  "lidar_scan_count": 113,
  "lidar_point_count": 12239,
  "planner_status": {
    "state": "ready",
    "ready": true,
    "reason": "curve_path_planned",
    "plan_frame_id": "odom_imu_lidar_fused",
    "snapshot_scan_count": 8,
    "path_point_count": 67,
    "planner_pose": {
      "x_m": -0.0607751458800441,
      "y_m": -0.08718020049205344,
      "yaw_rad": -0.00232550328284403
    },
    "tracking_origin_pose": {
      "x_m": -0.21077474028281298,
      "y_m": -0.08683137531403279,
      "yaw_rad": -0.00232550328284403
    },
    "path_start_pose": {
      "x_m": -0.21077474028281298,
      "y_m": -0.08683137531403279,
      "yaw_rad": 0.32131348418091155
    },
    "target_pose": {
      "x_m": 2.153413722335296,
      "y_m": 0.7710734556923526,
      "yaw_rad": 1.6661257447058426
    },
    "entry_line_center_pose": {
      "x_m": 2.16483593385675,
      "y_m": 0.6516183047613057,
      "yaw_rad": 1.6661257447058415
    },
    "second_corridor_axis_xy": {
      "x": -0.09518509601211461,
      "y": 0.9954595910920566
    },
    "target_depth_into_second_corridor_m": 0.12,
    "target_clearance_inner_m": 1.2368918415564973,
    "target_clearance_outer_m": 0.15000000000000002,
    "curve_summary": {
      "valid": true,
      "side": "left",
      "side_label_es": "izquierda",
      "entry_x_m": 0.8787094099796203,
      "entry_y_m": 0.845053759208643,
      "straight_end_x_m": 0.8787094099796203,
      "window_far_wall_x_m": 2.574999999999999,
      "window_width_m": 1.6962905900203786,
      "same_side_gap_m": 1.2999999999999992,
      "opposite_wall_visible_until_x_m": 2.578709409979622,
      "score": 3.83,
      "target_x_m": 2.0321870111934777,
      "target_y_m": 0.8634004343232061,
      "entry_line_center_x_m": 2.0438869849247423,
      "entry_line_center_y_m": 0.7439721687631314,
      "second_corridor_axis_xy": [
        -0.09749978109387239,
        0.9952355463339556
      ],
      "target_depth_into_second_corridor_m": 0.12,
      "target_clearance_inner_m": 1.2368918415564973,
      "target_clearance_outer_m": 0.15000000000000002,
      "gap_only_opening": true,
      "heuristic_name": "gap+opposite_continuity"
    },
    "path_metrics": {
      "path_max_curvature_m_inv": 1.8895023951231118,
      "path_min_turn_radius_m": 0.5292398689628781,
      "path_curvature_limit_m_inv": 0.8122992405822658
    },
    "local_lidar_target": {
      "x_m": 2.0321870111934777,
      "y_m": 0.8634004343232061
    }
  },
  "tracker_status": {
    "state": "aborted_path_loss",
    "terminal": true,
    "cause": "aborted_path_loss"
  },
  "bridge_status": {}
}