{
  "run_dir": "/work/ros2_ws/apex_curve_track/curve_track_smooth_fix_04_20260329T164851Z",
  "initial_pose": {
    "x_m": 0.051633251115562655,
    "y_m": -0.18645837415792454,
    "yaw_rad": 0.21381257548467736,
    "vx_mps": -0.018850043521019964,
    "vy_mps": -0.035497786817906204,
    "yaw_rate_rps": 0.0003994690949416226
  },
  "final_pose": {
    "x_m": 1.8019082410232132,
    "y_m": -0.5608838067789295,
    "yaw_rad": 0.15740027482705518,
    "vx_mps": -0.05455845732563221,
    "vy_mps": -0.11988887200859215,
    "yaw_rate_rps": 0.0009769643881918182
  },
  "target_pose": {
    "x_m": 1.886502227102235,
    "y_m": -0.2436800040979561,
    "yaw_rad": 1.4900612171017475
  },
  "final_error_x_m": -0.08459398607902169,
  "final_error_y_m": -0.31720380268097337,
  "final_error_yaw_deg": 76.35584751426731,
  "goal_distance_m": 0.328290107855853,
  "time_total_s": 17.42499275,
  "end_cause": "timeout",
  "path_point_count": 69,
  "trajectory_row_count": 239,
  "lidar_scan_count": 232,
  "lidar_point_count": 25084,
  "planner_status": {
    "state": "ready",
    "ready": true,
    "reason": "curve_path_planned",
    "plan_frame_id": "odom_imu_lidar_fused",
    "snapshot_scan_count": 8,
    "path_point_count": 69,
    "planner_pose": {
      "x_m": 0.03194129860355258,
      "y_m": -0.19894180297379174,
      "yaw_rad": 0.20893122538036124
    },
    "tracking_origin_pose": {
      "x_m": -0.11479667430741353,
      "y_m": -0.23005397592877158,
      "yaw_rad": 0.20893122538036124
    },
    "path_start_pose": {
      "x_m": -0.11479667430741353,
      "y_m": -0.23005397592877158,
      "yaw_rad": -0.02176921147404703
    },
    "target_pose": {
      "x_m": 1.886502227102235,
      "y_m": -0.2436800040979561,
      "yaw_rad": 1.4900612171017475
    },
    "entry_line_center_pose": {
      "x_m": 1.8768245353933681,
      "y_m": -0.3632891270074905,
      "yaw_rad": 1.4900612171017493
    },
    "second_corridor_axis_xy": {
      "x": 0.0806474309072256,
      "y": 0.9967426909127872
    },
    "target_depth_into_second_corridor_m": 0.12,
    "target_clearance_inner_m": 0.12,
    "target_clearance_outer_m": 0.07757704216012407,
    "curve_summary": {
      "valid": true,
      "side": "left",
      "side_label_es": "izquierda",
      "entry_x_m": 0.6685960132647105,
      "entry_y_m": 0.1488551535459663,
      "straight_end_x_m": 0.6685960132647105,
      "window_far_wall_x_m": 2.0750000000000006,
      "window_width_m": 1.40640398673529,
      "same_side_gap_m": 1.3000000000000007,
      "opposite_wall_visible_until_x_m": 2.0185960132647116,
      "score": 4.805123189388231,
      "target_x_m": 1.6249507242447079,
      "target_y_m": -0.42842808871761306,
      "entry_line_center_x_m": 1.5906748270262325,
      "entry_line_center_y_m": -0.543428796845296,
      "second_corridor_axis_xy": [
        0.2856324768206275,
        0.9583392343973577
      ],
      "target_depth_into_second_corridor_m": 0.12,
      "target_clearance_inner_m": 0.12,
      "target_clearance_outer_m": 0.07757704216012407,
      "gap_only_opening": true,
      "heuristic_name": "gap+opposite_continuity"
    },
    "path_metrics": {
      "path_max_curvature_m_inv": 6.447194417061322,
      "path_min_turn_radius_m": 0.1551062268812125,
      "path_curvature_limit_m_inv": 0.8122992405822658,
      "path_curvature_limit_respected": false,
      "terminal_heading_tail_length_m_applied": 0.8710553310406313
    },
    "local_lidar_target": {
      "x_m": 1.6249507242447079,
      "y_m": -0.42842808871761306
    }
  },
  "tracker_status": {
    "state": "timeout",
    "terminal": true,
    "cause": "timeout"
  },
  "bridge_status": {}
}