{
  "planner_status": {
    "state": "holding_last_path",
    "ready": true,
    "loop_closure_armed": false,
    "loop_closed": false,
    "travel_distance_m": 3.141587482746434,
    "elapsed_s": 20.377472198999982,
    "start_pose": {
      "x_m": -0.14855317408174135,
      "y_m": -0.3264189839926308,
      "yaw_rad": 0.06277415088591302
    },
    "start_axis": {
      "normal_xy": [
        0.998030349917013,
        0.06273293110101368
      ],
      "tangent_xy": [
        -0.06273293110101368,
        0.998030349917013
      ],
      "signed_distance_m": 1.247265665396892,
      "lateral_offset_m": 0.08747777129616922
    },
    "local_path_age_s": 0.5034191379999982,
    "fusion_confidence": "high",
    "corridor_width_m": 0.7682274688182085,
    "route_point_count": 1490,
    "local_path_source": "tracking",
    "rolling_scan_count": 8,
    "rolling_point_count": 355,
    "path_point_count": 43,
    "path_length_m": 1.6797985645372417,
    "path_max_curvature_m_inv": 1.1832698214063215
  },
  "route_point_count": 27,
  "path_xy_yaw": [
    [
      -0.14855317408174135,
      -0.3264189839926308,
      0.3110533618991291
    ],
    [
      -0.1009525888587632,
      -0.3111159030469521,
      0.30835382548749607
    ],
    [
      -0.053310865906189754,
      -0.29594137721876773,
      0.30320116620915916
    ],
    [
      -0.005591586578333367,
      -0.2810125333107487,
      0.2960910359316313
    ],
    [
      0.04223263168624292,
      -0.2664233541912074,
      0.28776543451135933
    ],
    [
      0.09017665476444836,
      -0.25223284147755737,
      0.2791893643093769
    ],
    [
      0.13824061207789526,
      -0.23845401687707538,
      0.2714900254432756
    ],
    [
      0.18640923157867043,
      -0.225045657716114,
      0.26584430174859314
    ],
    [
      0.23465278290235278,
      -0.21190945751669632,
      0.263308026376394
    ],
    [
      0.2829294960434772,
      -0.1988956583677327,
      0.2645921356731202
    ],
    [
      0.33118945824610324,
      -0.18581987738911063,
      0.2698046986901534
    ],
    [
      0.3793806067953034,
      -0.17249271709487976,
      0.27819229152561853
    ],
    [
      0.4274582787059735,
      -0.158761822599315,
      0.2879272452034888
    ],
    [
      0.47540000497984175,
      -0.14456355221591743,
      0.2959958446385854
    ],
    [
      0.523225611790564,
      -0.12997892561164381,
      0.29824373499892626
    ],
    [
      0.571018313155715,
      -0.11528682922551187,
      0.28963071408257657
    ],
    [
      0.6189357835701716,
      -0.10100691224337989,
      0.2647479119789734
    ],
    [
      0.6671937082759479,
      -0.08792361366872517,
      0.2186623767133918
    ],
    [
      0.7160031323283924,
      -0.07707741146077907,
      0.14814381587379644
    ],
    [
      0.7654554686191264,
      -0.06969728496366945,
      0.053190315904210424
    ],
    [
      0.8153847474005693,
      -0.06703902345302397,
      -0.06159690574331723
    ],
    [
      0.8652899020293878,
      -0.07011692024070666,
      -0.18665161274279218
    ],
    [
      0.914421422575391,
      -0.07939539931510667,
      -0.3087915912427026
    ],
    [
      0.9620564633200018,
      -0.09459076851661373,
      -0.4139239402316643
    ],
    [
      1.007833925348789,
      -0.11470100845258621,
      -0.4898140096224878
    ],
    [
      1.0519549386875724,
      -0.13822409429185978,
      -0.5281473085551903
    ],
    [
      1.0907680773942021,
      -0.16086888224395138,
      -0.5281473085551903
    ]
  ]
}