{
  "csv_path": "/home/santiago/AiAtonomousRc/APEX/apex_static_curve/curva_estatica_03_20260329T033542Z/lidar_snapshot.csv",
  "curve_candidate": {
    "anchor_points_xy_m": [
      [
        0.0,
        -0.07259354801782894
      ],
      [
        0.3308348030534727,
        -0.07259354801782894
      ],
      [
        1.1424410507148242,
        0.2979925224138725
      ],
      [
        1.3132589118667939,
        0.7979925224138725
      ]
    ],
    "angle_center_deg": NaN,
    "angle_end_deg": NaN,
    "angle_start_deg": NaN,
    "curve_lateral_opening_m": 0.0,
    "curve_point_count": 0,
    "curve_wall_shift_m": 0.0,
    "curve_width_m": 0.831882498796048,
    "entry_width_m": 0.831882498796048,
    "entry_x_m": 0.6015178237335866,
    "entry_y_m": 0.24799252241387248,
    "first_curve_point_x_m": 0.6015178237335866,
    "first_curve_point_y_m": 0.24799252241387248,
    "front_closure_point_count": 0,
    "front_closure_y_span_m": 0.0,
    "gap_only_opening": true,
    "heuristic_name": "gap+opposite_continuity",
    "opening_width_gain_m": 0.0,
    "opposite_wall_visible_until_x_m": 1.9515178237335877,
    "path_xy_m": [
      [
        0.0,
        -0.07259354801782894
      ],
      [
        0.011332231404272893,
        -0.07245353433117831
      ],
      [
        0.023019092008459398,
        -0.07203486168397005
      ],
      [
        0.03505103620277145,
        -0.07133958269531965
      ],
      [
        0.04741851837742091,
        -0.0703697499843424
      ],
      [
        0.060111992922619685,
        -0.06912741617015382
      ],
      [
        0.07312191422857973,
        -0.06761463387186932
      ],
      [
        0.08643873668551294,
        -0.06583345570860427
      ],
      [
        0.10005291468363116,
        -0.06378593429947416
      ],
      [
        0.11395490261314631,
        -0.061474122263594375
      ],
      [
        0.12813515486427035,
        -0.058900072220080334
      ],
      [
        0.14258412582721516,
        -0.05606583678804752
      ],
      [
        0.15729226989219264,
        -0.05297346858661126
      ],
      [
        0.17225004144941466,
        -0.04962502023488704
      ],
      [
        0.1874478948890932,
        -0.04602254435199027
      ],
      [
        0.20287628460144014,
        -0.04216809355703637
      ],
      [
        0.2185256649766673,
        -0.03806372046914075
      ],
      [
        0.23438649040498669,
        -0.03371147770741886
      ],
      [
        0.2504492152766101,
        -0.029113417890986103
      ],
      [
        0.26670429398174966,
        -0.024271593638957915
      ],
      [
        0.28314218091061705,
        -0.019188057570449692
      ],
      [
        0.2997533304534242,
        -0.01386486230457691
      ],
      [
        0.31652819700038326,
        -0.008304060460454945
      ],
      [
        0.3334572349417057,
        -0.0025077046571992286
      ],
      [
        0.3505308986676038,
        0.00352215248607482
      ],
      [
        0.36773964256828934,
        0.009783458350251805
      ],
      [
        0.38507392103397414,
        0.01627416031621624
      ],
      [
        0.40252418845487026,
        0.022992205764852693
      ],
      [
        0.42008089922118946,
        0.02993554207704583
      ],
      [
        0.4377345077231438,
        0.03710211663368019
      ],
      [
        0.4554754683509451,
        0.04448987681564028
      ],
      [
        0.4732942354948051,
        0.052096770003810765
      ],
      [
        0.49118126354493596,
        0.05992074357907622
      ],
      [
        0.5091270068915497,
        0.06795974492232121
      ],
      [
        0.5271219199248577,
        0.07621172141443024
      ],
      [
        0.5451564570350722,
        0.08467462043628793
      ],
      [
        0.5632210726124054,
        0.09334638936877895
      ],
      [
        0.5813062210470687,
        0.10222497559278779
      ],
      [
        0.5994023567292742,
        0.111308326489199
      ],
      [
        0.6174999340492336,
        0.12059438943889716
      ],
      [
        0.6355894073971593,
        0.13008111182276696
      ],
      [
        0.6536612311632628,
        0.1397664410216929
      ],
      [
        0.671705859737756,
        0.1496483244165595
      ],
      [
        0.6897137475108511,
        0.15972470938825142
      ],
      [
        0.7076753488727598,
        0.1699935433176532
      ],
      [
        0.7255811182136941,
        0.1804527735856495
      ],
      [
        0.7434215099238657,
        0.1911003475731247
      ],
      [
        0.7611869783934867,
        0.20193421266096356
      ],
      [
        0.7788679780127689,
        0.21295231623005065
      ],
      [
        0.7964549631719244,
        0.22415260566127054
      ],
      [
        0.8139383882611649,
        0.2355330283355077
      ],
      [
        0.8313087076707022,
        0.24709153163364667
      ],
      [
        0.8485563757907486,
        0.2588260629365723
      ],
      [
        0.8656718470115154,
        0.2707345696251689
      ],
      [
        0.8826455757232151,
        0.2828149990803211
      ],
      [
        0.8994680163160595,
        0.29506529868291365
      ],
      [
        0.9161296231802605,
        0.3074834158138309
      ],
      [
        0.9326208507060296,
        0.3200672978539576
      ],
      [
        0.948932153283579,
        0.33281489218417826
      ],
      [
        0.9650539853031206,
        0.34572414618537733
      ],
      [
        0.9809768011548666,
        0.35879300723843965
      ],
      [
        0.9966910552290282,
        0.37201942272424954
      ],
      [
        1.012187201915818,
        0.38540134002369175
      ],
      [
        1.0274556956054475,
        0.3989367065176508
      ],
      [
        1.042486990688129,
        0.4126234695870113
      ],
      [
        1.0572715415540739,
        0.42645957661265776
      ],
      [
        1.0717998025934943,
        0.44044297497547485
      ],
      [
        1.0860622281966021,
        0.45457161205634694
      ],
      [
        1.1000492727536093,
        0.46884343523615885
      ],
      [
        1.1137513906547278,
        0.48325639189579517
      ],
      [
        1.1271590362901693,
        0.4978084294161401
      ],
      [
        1.140262664050146,
        0.5124974951780787
      ],
      [
        1.1530527283248697,
        0.5273215365624953
      ],
      [
        1.1655196835045523,
        0.5422785009502746
      ],
      [
        1.1776539839794058,
        0.5573663357223011
      ],
      [
        1.1894460841396417,
        0.5725829882594591
      ],
      [
        1.2008864383754723,
        0.5879264059426337
      ],
      [
        1.2119655010771093,
        0.6033945361527091
      ],
      [
        1.2226737266347645,
        0.6189853262705699
      ],
      [
        1.2330015694386505,
        0.634696723677101
      ],
      [
        1.2429394838789785,
        0.6505266757531867
      ],
      [
        1.2524779243459605,
        0.6664731298797117
      ],
      [
        1.2616073452298087,
        0.6825340334375604
      ],
      [
        1.2703182009207348,
        0.6987073338076174
      ],
      [
        1.2786009458089505,
        0.7149909783707675
      ],
      [
        1.2864460342846682,
        0.7313829145078952
      ],
      [
        1.2938439207380994,
        0.7478810895998848
      ],
      [
        1.300785059559456,
        0.7644834510276212
      ],
      [
        1.3072599051389504,
        0.781187946171989
      ],
      [
        1.3132589118667939,
        0.7979925224138725
      ]
    ],
    "same_side_gap_m": 1.2500000000000009,
    "score": 4.818785741013131,
    "side": "left",
    "side_label_es": "izquierda",
    "start_forward_m": 0.6015178237335866,
    "start_radial_m": 0.6506335246837387,
    "straight_end_x_m": 0.6015178237335866,