{
  "planner_status": {
    "state": "rescue_previous_path",
    "ready": true,
    "loop_closure_armed": true,
    "loop_closed": false,
    "travel_distance_m": 5.655994068316069,
    "elapsed_s": 59.06966359100002,
    "start_pose": {
      "x_m": -0.14957916926005477,
      "y_m": 0.027322774371768943,
      "yaw_rad": 0.07920508281121348
    },
    "start_axis": {
      "normal_xy": [
        0.9968649169236402,
        0.0791222939936904
      ],
      "tangent_xy": [
        -0.0791222939936904,
        0.9968649169236402
      ],
      "signed_distance_m": 1.0754792432401707,
      "lateral_offset_m": 0.6112178393010282
    },
    "local_path_age_s": 0.0,
    "odom_age_s": 0.488997220993042,
    "fusion_confidence": "high",
    "corridor_width_m": null,
    "route_point_count": 2542,
    "local_path_source": "rescue_previous_path",
    "continuation_source": "tracking",
    "rolling_scan_count": 2,
    "rolling_point_count": 127,
    "candidate_path_source": "tracking",
    "candidate_path_rejected": true,
    "candidate_path_rejection_reason": "empty_candidate",
    "path_rejection_count": 1,
    "path_rescue_count": 128,
    "path_point_count": 45,
    "path_length_m": 1.7471887181347672,
    "path_forward_span_m": 0.806392529182389,
    "path_max_curvature_m_inv": 0.9569441734518013,
    "candidate_path_forward_span_m": 0.0,
    "candidate_path_length_m": 0.0,
    "candidate_path_max_curvature_m_inv": 0.0,
    "path_terminal_heading_deg": null,
    "route_suffix_heading_deg": -38.5729544124662,
    "path_heading_alignment_deg": null,
    "forward_projection_valid": true
  },
  "route_point_count": 36,
  "path_xy_yaw": [
    [
      -0.14957916926005477,
      0.027322774371768943,
      0.060066202491775744
    ],
    [
      -0.09966934086099878,
      0.03032427885732033,
      0.06015657434271596
    ],
    [
      -0.049759783917266966,
      0.033330293774181355,
      0.06020306857772351
    ],
    [
      0.00014963321015583358,
      0.03633862919446214,
      0.059951798429843106
    ],
    [
      0.05005980466689896,
      0.039334423773284485,
      0.05905731177073964
    ],
    [
      0.09997263585484685,
      0.04228557317706143,
      0.05712172116787649
    ],
    [
      0.1498910857568257,
      0.04514010630589915,
      0.05374122808037733
    ],
    [
      0.19981890014283563,
      0.04782587447090101,
      0.04855540007018621
    ],
    [
      0.24975997105003528,
      0.050252690624223564,
      0.04129423331043469
    ],
    [
      0.299717346764892,
      0.052316815544002415,
      0.03181855771383645
    ],
    [
      0.3496920383848438,
      0.053907474995251344,
      0.020150602145523614
    ],
    [
      0.39968188755912604,
      0.054914936919854114,
      0.0064931388623489465
    ],
    [
      0.4496808335414425,
      0.05523959158167362,
      -0.008762877121949236
    ],
    [
      0.49967891385317265,
      0.054801453332922294,
      -0.025041095098608804
    ],
    [
      0.5496632382609478,
      0.05354952942539671,
      -0.041590950178171215
    ],
    [
      0.5996199993156156,
      0.05147058140067206,
      -0.057504112666215135
    ],
    [
      0.6495373540184199,
      0.04859696009016831,
      -0.07173162629673055
    ],
    [
      0.6994087735105061,
      0.045013453732398116,
      -0.08309567995054257
    ],
    [
      0.7492362505150629,
      0.04086344947355281,
      -0.09028956143432908
    ],
    [
      0.7990325838099321,
      0.036355102727158056,
      -0.09186174901403746
    ],
    [
      0.8488217675982677,
      0.03176847240810632,
      -0.08618712179515914
    ],
    [
      0.898636177025193,
      0.02746444947804655,
      -0.07144105519811556
    ],
    [
      0.9485086356722177,
      0.023895434464723617,
      -0.0456102612513351
    ],
    [
      0.9984566372712498,
      0.0216157120110779,
      -0.0065942780971301445
    ],
    [
      1.0484555500661936,
      0.021286000496426177,
      0.04753516575762035
    ],
    [
      1.0983990704401574,
      0.023661863779424194,
      0.11806081403110902
    ],
    [
      1.1480510142768892,
      0.029551200704601304,
      0.204939533567804
    ],
    [
      1.197004673240472,
      0.03972659749644886,
      0.3060568053574834
    ],
    [
      1.2446811136212639,
      0.05479164526907018,
      0.41672566553540213
    ],
    [
      1.2904020507481995,
      0.07503006112350832,
      0.5297961015348523
    ],
    [
      1.333547529919013,
      0.10029791539986477,
      0.6365251507570528
    ],
    [
      1.3737558099352725,
      0.1300181318285624,
      0.7279400528090747
    ],
    [
      1.4110831228780183,
      0.16328477951721623,
      0.796163266962114
    ],
    [
      1.446055812337332,
      0.199018661950118,
      0.8353781944536285
    ],
    [
      1.4796006761110714,
      0.23609617639505268,
      0.8446984812692258
    ],
    [
      1.4856225831050016,
      0.242878255073259,
      0.8446984812692258
    ]
  ]
}