{
  "planner_status": {
    "state": "tracking",
    "ready": true,
    "loop_closure_armed": false,
    "loop_closed": false,
    "travel_distance_m": 2.0558095884064183,
    "elapsed_s": 22.945464370000025,
    "start_pose": {
      "x_m": -0.14852849243359337,
      "y_m": -0.40471999547429216,
      "yaw_rad": 0.1151471348580915
    },
    "start_axis": {
      "normal_xy": [
        0.9933778903237274,
        0.11489285015169896
      ],
      "tangent_xy": [
        -0.11489285015169896,
        0.9933778903237274
      ],
      "signed_distance_m": 0.9045573361153171,
      "lateral_offset_m": 0.20266310189717385
    },
    "local_path_age_s": 0.0,
    "fusion_confidence": "high",
    "corridor_width_m": 0.7608225196293104,
    "route_point_count": 1182,
    "local_path_source": "tracking",
    "rolling_scan_count": 11,
    "rolling_point_count": 721,
    "path_point_count": 42,
    "path_length_m": 1.6322650799588208,
    "path_max_curvature_m_inv": 1.023137415772749
  },
  "route_point_count": 36,
  "path_xy_yaw": [
    [
      -0.14852849243359337,
      -0.40471999547429216,
      0.14923191694303545
    ],
    [
      -0.09908421407565063,
      -0.39728606396651894,
      0.15706276002253655
    ],
    [
      -0.04969966507968778,
      -0.3894651739619509,
      0.17356248833468094
    ],
    [
      -0.0004508748871852259,
      -0.38083055384690967,
      0.19982359757725288
    ],
    [
      0.048554205525633186,
      -0.37090573176848796,
      0.23612773663872272
    ],
    [
      0.09716676237334045,
      -0.3592087529103847,
      0.280719150364176
    ],
    [
      0.14520958473800058,
      -0.34535641690789715,
      0.3290368302232744
    ],
    [
      0.1925272853016804,
      -0.32919983299746347,
      0.3741281060494749
    ],
    [
      0.23906861618295483,
      -0.31092677872410657,
      0.40854741861958627
    ],
    [
      0.28495355953891127,
      -0.29106294296871893,
      0.4271908145768253
    ],
    [
      0.33046022098632916,
      -0.27034715758981265,
      0.4297999321417926
    ],
    [
      0.37591267767893516,
      -0.2495127106287952,
      0.42175208162383876
    ],
    [
      0.42153133315271724,
      -0.22904472899501718,
      0.4123560675306716
    ],
    [
      0.4673402895375155,
      -0.2090062780837007,
      0.41112280547051094
    ],
    [
      0.5131739237309301,
      -0.1890243368490042,
      0.4237115843172028
    ],
    [
      0.5587523845426039,
      -0.168467004708409,
      0.44949598260326284
    ],
    [
      0.6037856953610209,
      -0.1467414228579072,
      0.4818505861614621
    ],
    [
      0.6480926373934174,
      -0.12357043067998788,
      0.5109230498271635
    ],
    [
      0.6917073135656684,
      -0.09912129942186744,
      0.5274578767276817
    ],
    [
      0.7349117840307109,
      -0.07395438201412012,
      0.5259211585662434
    ],
    [
      0.7781548778840809,
      -0.04885388741477296,
      0.5058760886319729
    ],
    [
      0.8218923917574654,
      -0.0246251882482833,
      0.4714820943597936
    ],
    [
      0.8664371959296401,
      -0.0019148295994187246,
      0.4295875632805641
    ],
    [
      0.9118940758322093,
      0.018909964043749273,
      0.38725052848173835
    ],
    [
      0.9581916194895236,
      0.037792162417008834,
      0.349650654813202
    ],
    [
      1.005166241506195,
      0.05492064338799661,
      0.3190791404713371
    ],
    [
      1.0526424757057014,
      0.0706052590794859,
      0.29514060281153953
    ],
    [
      1.1004805382981095,
      0.08514897786245586,
      0.27581312563866406
    ],
    [
      1.1485907420964532,
      0.09876544882295123,
      0.25878096674235546
    ],
    [
      1.1969258745019429,
      0.11156056378344596,
      0.24249099341822197
    ],
    [
      1.2454630167313603,
      0.12356663791112141,
      0.22662086002488663
    ],
    [
      1.2941845767894953,
      0.1348009415534818,
      0.21195551956483943
    ],
    [
      1.3430656466189386,
      0.14531954447489012,
      0.1998978962475028
    ],
    [
      1.3920699894784676,
      0.15524800753479137,
      0.19189700334315427
    ],
    [
      1.4411521995974357,
      0.1647840785021608,
      0.1887505079238779
    ],
    [
      1.4663576848374835,
      0.1695989422360289,
      0.1887505079238779
    ]
  ]
}