{
  "planner_status": {
    "state": "ready",
    "ready": true,
    "reason": "curve_path_planned",
    "plan_frame_id": "odom_imu_lidar_fused",
    "snapshot_scan_count": 8,
    "path_point_count": 90,
    "planner_pose": {
      "x_m": -0.017501301112047837,
      "y_m": -0.07155900078545784,
      "yaw_rad": 0.10277068397938899
    },
    "target_pose": {
      "x_m": 1.9137381356353,
      "y_m": 1.2244481603771595,
      "yaw_rad": 1.289156735715166
    },
    "curve_summary": {
      "valid": true,
      "side": "left",
      "side_label_es": "izquierda",
      "entry_x_m": 1.0730138468489494,
      "entry_y_m": 0.5410434832568899,
      "straight_end_x_m": 1.0730138468489494,
      "window_far_wall_x_m": 2.6749999999999985,
      "window_width_m": 1.601986153151049,
      "same_side_gap_m": 1.3999999999999984,
      "opposite_wall_visible_until_x_m": 2.6730138468489506,
      "score": 4.73,
      "target_x_m": 1.8740069234244738,
      "target_y_m": 1.09104348325689,
      "gap_only_opening": true,
      "heuristic_name": "gap+opposite_continuity"
    },
    "local_lidar_target": {
      "x_m": 1.8740069234244738,
      "y_m": 1.09104348325689
    }
  },
  "path_point_count": 90,
  "path_xy_yaw": [
    [
      0.15278638149288842,
      0.031870307966420555,
      0.11227082494626975
    ],
    [
      0.17274174445642454,
      0.0341201739720977,
      0.13061010878934695
    ],
    [
      0.19302423871020657,
      0.03678443991532747,
      0.14810086297130168
    ],
    [
      0.2136224511155443,
      0.03985755429759323,
      0.16480692117493922
    ],
    [
      0.2345249685337475,
      0.04333396562037821,
      0.1807871145779176
    ],
    [
      0.255720377826126,
      0.047208122385165724,
      0.19609566395439518
    ],
    [
      0.2771972658539895,
      0.051474473093439124,
      0.21078255542648627
    ],
    [
      0.29894421947864797,
      0.056127466246681634,
      0.22489389575702934
    ],
    [
      0.32094982556141105,
      0.061161550346376575,
      0.23847224496911054
    ],
    [
      0.3432026709635885,
      0.06657117389400725,
      0.25155692541495184
    ],
    [
      0.36569134254649016,
      0.07235078539105698,
      0.2641843073393294
    ],
    [
      0.38840442717142587,
      0.0784948333390091,
      0.2763880716002633
    ],
    [
      0.41133051169970536,
      0.08499776623934675,
      0.28819945060519797
    ],
    [
      0.4344581829926384,
      0.09185403259355336,
      0.29964744875617977
    ],
    [
      0.4577760279115348,
      0.09905808090311226,
      0.31075904381980923
    ],
    [
      0.4812726333177044,
      0.10660435966950667,
      0.32155937068052076
    ],
    [
      0.5049365860724568,
      0.11448731739421984,
      0.33207188892495515
    ],
    [
      0.528756473037102,
      0.1227014025787352,
      0.3423185356588887
    ],
    [
      0.5527208810729498,
      0.13124106372453592,
      0.352319864889712
    ],
    [
      0.5768183970413099,
      0.14010074933310546,
      0.3620951747260976
    ],
    [
      0.601037607803492,
      0.14927490790592696,
      0.37166262355941104
    ],
    [
      0.625367100220806,
      0.15875798794448376,
      0.38103933630234543
    ],
    [
      0.6497954611545618,
      0.16854443795025925,
      0.39024150167329036
    ],
    [
      0.6743112774660688,
      0.1786287064247365,
      0.3992844614312512
    ],
    [
      0.6989031360166371,
      0.1890052418693991,
      0.40818279238735905
    ],
    [
      0.7235596236675765,
      0.19966849278573023,
      0.41695038194599776
    ],
    [
      0.7482693272801967,
      0.21061290767521312,
      0.4256004978609854
    ],
    [
      0.7730208337158074,
      0.22183293503933116,
      0.43414585283095725
    ],
    [
      0.7978027298357185,
      0.2333230233795675,
      0.44259866450235563
    ],
    [
      0.8226036025012401,
      0.24507762119740573,
      0.4509707113981403
    ],
    [
      0.8474120385736815,
      0.2570911769943288,
      0.45927338524555444
    ],
    [
      0.8722166249143524,
      0.2693581392718202,
      0.46751774013593006
    ],
    [
      0.897005948384563,
      0.2818729565313632,
      0.47571453891427457
    ],
    [
      0.9217685958456231,
      0.29463007727444124,
      0.4838742971646188
    ],
    [
      0.946493154158842,
      0.3076239500025373,
      0.49200732513002354
    ],
    [
      0.9711682101855298,
      0.3208490232171348,
      0.5001237678817381
    ],
    [
      0.9957823507869966,
      0.33429974541971735,
      0.5082336440316862
    ],
    [
      1.0203241628245519,
      0.3479705651117679,
      0.5163468832644525
    ],
    [
      1.0447822331595054,
      0.3618559307947698,
      0.5244733629501352
    ],
    [
      1.0691451486531665,
      0.3759502909702062,
      0.5326229440869633
    ],
    [
      1.093401496166846,
      0.3902480941395609,
      0.5408055068125159
    ],
    [
      1.1175398625618527,
      0.4047437888043168,
      0.5490309857143804
    ],
    [
      1.1415488346994966,
      0.4194318234659572,
      0.5573094051652373
    ],
    [
      1.1654169994410886,
      0.4343066466259656,
      0.565650914903297
    ],
    [
      1.189132943647937,
      0.449362706785825,
      0.5740658260762962
    ],
    [
      1.2126852541813522,
      0.46459445244701914,
      0.5825646479669714
    ],
    [
      1.2360625179026439,
      0.4799963321110309,
      0.5911581256179104
    ],
    [
      1.259253321673122,
      0.4955627942793436,
      0.59985727857576
    ],
    [
      1.2822462523540963,
      0.5112882874534409,
      0.608673440977429
    ],
    [
      1.3050298968068768,
      0.5271672601348059,
      0.6176183032050205
    ],
    [
      1.3275928418927727,
      0.5431941608249218,
      0.6267039553397585
    ],
    [
      1.3499236744730938,
      0.5593634380252718,
      0.6359429326506554
    ],
    [
      1.3720109814091506,
      0.5756695402373396,
      0.6453482633574894
    ],
    [
      1.3938433495622522,
      0.592106915962608,
      0.6549335189120012
    ],
    [
      1.415409365793709,
      0.6086700137025607,
      0.6647128670438218
    ],
    [
      1.4366976169648302,
      0.625353281958681,
      0.6747011278185818
    ],
    [
      1.4576966899369257,
      0.6421511692324521,
      0.684913832953721
    ],
    [
      1.478395171571306,
      0.659058124025357,
      0.6953672886312106
    ],
    [
      1.49878164872928,
      0.6760685948388795,
      0.7060786420343811
    ],
    [
      1.5188447082721577,
      0.6931770301745024,
      0.7170659518174083
    ],
    [
      1.5385729370612486,
      0.7103778785337096,
      0.728348262685226
    ],
    [
      1.5579549219578634,
      0.7276655884179837,
      0.7399456842203868
    ],
    [
      1.576979249823311,
      0.7450346083288083,
      0.7518794740320794
    ],
    [
      1.5956345075189022,
      0.7624793867676672,
      0.7641721252228444
    ],
    [
      1.6139092819059457,
      0.779994372236043,
      0.7768474580578693
    ],
    [
      1.6317921598457517,
      0.7975740132354193,
      0.7899307155786439
    ],
    [
      1.6492717281996303,
      0.8152127582672793,
      0.8034486627147207
    ],
    [
      1.6663365738288904,
      0.8329050558331063,
      0.8174296882042388
    ],
    [
      1.6829752835948426,
      0.8506453544343836,
      0.8319039083246826
    ],
    [
      1.6991764443587967,
      0.8684281025725946,
      0.846903271040622
    ],
    [
      1.7149286429820623,
      0.8862477487492226,
      0.8624616586805477
    ],
    [
      1.7302204663259486,
      0.9040987414657509,
      0.8786149866358546
    ],
    [
      1.7450405012517667,
      0.9219755292236625,
      0.8954012948089596
    ],
    [
      1.7593773346208252,
      0.9398725605244412,
      0.912860827594657
    ],
    [
      1.7732195532944344,
      0.95778428386957,
