{
  "planner_status": {
    "state": "route_suffix_continuation",
    "ready": true,
    "loop_closure_armed": true,
    "loop_closed": false,
    "travel_distance_m": 7.562927411352728,
    "elapsed_s": 57.982027507,
    "start_pose": {
      "x_m": -0.14979968688742404,
      "y_m": -0.0652164457753323,
      "yaw_rad": 0.05168593776184686
    },
    "start_axis": {
      "normal_xy": [
        0.9986645792494936,
        0.051662928221617714
      ],
      "tangent_xy": [
        -0.051662928221617714,
        0.9986645792494936
      ],
      "signed_distance_m": 1.3318446447680432,
      "lateral_offset_m": 0.7938745754727906
    },
    "local_path_age_s": 0.0,
    "odom_age_s": 0.5003910064697266,
    "fusion_confidence": "high",
    "corridor_width_m": null,
    "route_point_count": 3058,
    "local_path_source": "route_suffix_continuation",
    "continuation_source": "route_suffix_continuation",
    "rolling_scan_count": 3,
    "rolling_point_count": 166,
    "candidate_path_source": "tracking",
    "candidate_path_rejected": true,
    "candidate_path_rejection_reason": "empty_candidate",
    "path_rejection_count": 148,
    "path_rescue_count": 148,
    "path_point_count": 28,
    "path_length_m": 1.067297115532446,
    "path_forward_span_m": 1.04107718483392,
    "path_max_curvature_m_inv": 0.9718594257204931,
    "candidate_path_forward_span_m": 0.0,
    "candidate_path_length_m": 0.0,
    "candidate_path_max_curvature_m_inv": 0.0,
    "path_terminal_heading_deg": null,
    "route_suffix_heading_deg": 5.372515902293141,
    "path_heading_alignment_deg": null,
    "forward_projection_valid": true
  },
  "route_point_count": 69,
  "path_xy_yaw": [
    [
      -0.14979968688742404,
      -0.0652164457753323,
      0.10657235691418245
    ],
    [
      -0.10008335992767436,
      -0.05989790898113146,
      0.107012349338555
    ],
    [
      -0.05036937789612204,
      -0.054557497895223135,
      0.10822370630081438
    ],
    [
      -0.0006619014819262684,
      -0.04915686936400817,
      0.1108103477002038
    ],
    [
      0.049031439169350814,
      -0.04362768362683757,
      0.11553861869913538
    ],
    [
      0.09869808094476269,
      -0.03786359699035453,
      0.1231907773206806
    ],
    [
      0.14831916132416817,
      -0.03171962580062461,
      0.13440368989415535
    ],
    [
      0.1978682319535012,
      -0.025019655668854432,
      0.1495192598658429
    ],
    [
      0.24731037218251753,
      -0.01757151700473337,
      0.16847481222765795
    ],
    [
      0.29660245494836934,
      -0.009187569452874281,
      0.1907584733403721
    ],
    [
      0.3456954903584843,
      0.0002926137775638272,
      0.21544521945036837
    ],
    [
      0.3945395559036133,
      0.010981732578707236,
      0.24131385030144795
    ],
    [
      0.4430907974449696,
      0.02293066325714963,
      0.26702644857224633
    ],
    [
      0.4913187861402028,
      0.03612388522407937,
      0.2913352807650148
    ],
    [
      0.5392118458777286,
      0.05048545994331737,
      0.31327343662297846
    ],
    [
      0.586778339835484,
      0.06589417994437838,
      0.3322881317192668
    ],
    [
      0.6340432605578072,
      0.08220452232956174,
      0.3482888182244072
    ],
    [
      0.6810411654416553,
      0.09926901576589167,
      0.36160225840331445
    ],
    [
      0.7278077248514724,
      0.11695768221507746,
      0.3728485429057872
    ],
    [
      0.7743723992190639,
      0.1351711689999976,
      0.3827707711737392
    ],
    [
      0.820754066037084,
      0.15384577697508112,
      0.3920623821842774
    ],
    [
      0.8669602160149238,
      0.17295053303385852,
      0.4012368116222292
    ],
    [
      0.9129891486393105,
      0.19247839418885163,
      0.4105735319072719
    ],
    [
      0.9588337514787385,
      0.21243515721067163,
      0.4201549800790236
    ],
    [
      1.0044850382068724,
      0.23283025514775377,
      0.4299854398309848
    ],
    [
      1.049933629169222,
      0.25367313353132026,
      0.44016186575928756
    ],
    [
      1.0951677644844395,
      0.2749774289201967,
      0.45105342521603015
    ],
    [
      1.140167184439183,
      0.2967731212324807,
      0.4634441984603868
    ],
    [
      1.1848930914566576,
      0.3191247037464048,
      0.4786016850698819
    ],
    [
      1.2292750798528485,
      0.34215162505366564,
      0.49824920511612597
    ],
    [
      1.2731961094430002,
      0.36604604191936857,
      0.5244380272440884
    ],
    [
      1.316476383044464,
      0.39108237374439214,
      0.5593304720761242
    ],
    [
      1.358856911171387,
      0.417613314562371,
      0.6049162034477388
    ],
    [
      1.3999843985840115,
      0.446047971898644,
      0.6626924264620736
    ],
    [
      1.4394013275950606,
      0.4768100523574105,
      0.7333498726703435
    ],
    [
      1.4765481402871254,
      0.510278156808571,
      0.8165230996724145
    ],
    [
      1.510786095671038,
      0.5467166219120069,
      0.9106783969225448
    ],
    [
      1.5414465879490615,
      0.5862126072915826,
      1.0132057496641664
    ],
    [
      1.5679037386432664,
      0.6286392125141825,
      1.1207344638893944
    ],
    [
      1.5896547852137586,
      0.6736601904508707,
      1.2296131902592569
    ],
    [
      1.6063848830812355,
      0.720778119243916,
      1.3364268290721808
    ],
    [
      1.6179963589388904,
      0.7694111147734036,
      1.4384115219964553
    ],
    [
      1.6245962741003492,
      0.8189735545341801,
      1.5336814004638786
    ],
    [
      1.6264515923223883,
      0.8689390647978815,
      1.6212593138791067
    ],
    [
      1.6239295163211305,
      0.9188753636609964,
      1.7009633649407156
    ],
    [
      1.6174395339075753,
      0.9684523286706019,
      1.7732224146263578
    ],
    [
      1.607387218665931,
      1.0174313733335896,
      1.8388843216778898
    ],
    [
      1.5941428176656929,
      1.065645294086858,
      1.8990577352503262
    ],
    [
      1.5780229405475958,
      1.1129754769869071,
      1.9550051359713267
    ],
    [
      1.5592816651006058,
      1.1593302118856164,
      2.0080876546373414
    ],
    [
      1.538107316746094,
      1.2046252874348569,
      2.0597518773587735
    ],
    [
      1.5146221280001038,
      1.2487664549137927,
      2.11154367343676
    ],
    [
      1.488883303939123,
      1.2916326340987225,
      2.1651315223678202
    ],
    [
      1.4608854244004998,
      1.333058645582868,
      2.2223195098322965
    ],
    [
      1.4305655433602382,
      1.3728166553513885,
      2.2850266632094414
    ],
    [
      1.3978137885499737,
      1.4105964811818044,
      2.3552048605493026
    ],
    [
      1.3624935273212984,
      1.4459867196398886,
      2.434665206171293
    ],
    [
      1.3244755828260104,
      1.4784616553705139,
      2.524789571932383
    ],
    [
      1.283689159815453,
      1.5073830510184807,
      2.6261308620935653
    ],
    [
      1.2401861505056093,
      1.5320297440390056,
      2.737961359828996
    ],
    [
      1.194204460442633,
      1.5516676144293224,
      2.8579039939319557
    ],
    [
      1.1462034377392534,
      1.565662420605598,
      2.9818306741869627
    ],
    [
      1.0968406980558614,
      1.5736164980379874,
      3.104165438515122
    ],
    [
      1.0468762271562893,
      1.5754874027035541,
      -3.0646192087317368
    ],
    [
      0.9970247031570385,
      1.5716425627236783,
      -2.964416257983065
    ],
    [
      0.9478077256440213,
      1.562830070106632,
      -2.883871514031928
    ],
    [
      0.8994592025097102,
      1.5500862268318911,
      -2.8272317687481854
    ],
    [
      0.8519095322475201,
      1.5346258026596962,
      -2.797367295836985
    ],
    [
      0.8048820702794091,
      1.5177665469603832,
      -2.797367295836985
    ]
  ]
}