{
  "planner_status": {
    "state": "tracking",
    "ready": true,
    "loop_closure_armed": true,
    "loop_closed": false,
    "travel_distance_m": 5.174334201352174,
    "elapsed_s": 41.427498274,
    "start_pose": {
      "x_m": -0.14891189494860024,
      "y_m": -0.1675390697428144,
      "yaw_rad": 0.1205223701076016
    },
    "start_axis": {
      "normal_xy": [
        0.9927459663240016,
        0.1202308044863061
      ],
      "tangent_xy": [
        -0.1202308044863061,
        0.9927459663240016
      ],
      "signed_distance_m": 2.1411809486604088,
      "lateral_offset_m": -0.017406407516956525
    },
    "local_path_age_s": 0.0,
    "odom_age_s": 2.006364583969116,
    "fusion_confidence": "high",
    "corridor_width_m": 1.8767204594377254,
    "route_point_count": 2075,
    "local_path_source": "tracking",
    "continuation_source": "tracking",
    "rolling_scan_count": 10,
    "rolling_point_count": 348,
    "candidate_path_source": "tracking",
    "candidate_path_rejected": false,
    "candidate_path_rejection_reason": null,
    "path_rejection_count": 50,
    "path_rescue_count": 50,
    "path_point_count": 46,
    "path_length_m": 1.7999999912637987,
    "path_forward_span_m": 0.9624717929155602,
    "path_max_curvature_m_inv": 0.9745587137611129,
    "candidate_path_forward_span_m": 0.9624717929155602,
    "candidate_path_length_m": 1.7999999912637987,
    "candidate_path_max_curvature_m_inv": 0.9745587137612964,
    "path_terminal_heading_deg": 39.65133360137044,
    "route_suffix_heading_deg": 60.96061077262265,
    "path_heading_alignment_deg": 21.30927717125221,
    "forward_projection_valid": true
  },
  "route_point_count": 47,
  "path_xy_yaw": [
    [
      -0.14891189494860024,
      -0.1675390697428144,
      0.20243174034738742
    ],
    [
      -0.09993286653122394,
      -0.15748646931855378,
      0.205858930536954
    ],
    [
      -0.05098857786451244,
      -0.1472660678142288,
      0.21240823265869202
    ],
    [
      -0.0021122749052410166,
      -0.13672533686075983,
      0.2215168595035228
    ],
    [
      0.046665990248603816,
      -0.12573985332198434,
      0.23245293370032105
    ],
    [
      0.09532120287851398,
      -0.11422159460216144,
      0.2444325992923116
    ],
    [
      0.14383494265002872,
      -0.10212130314373645,
      0.2567469170523946
    ],
    [
      0.19219600102943582,
      -0.08942453062395653,
      0.26887611157005287
    ],
    [
      0.24039950422921713,
      -0.07614212574898586,
      0.28056887782031786
    ],
    [
      0.28844440773969215,
      -0.06229700940199673,
      0.2918693144600457
    ],
    [
      0.33632979108869826,
      -0.04790986022263072,
      0.30308320731130645
    ],
    [
      0.38405083107441307,
      -0.0329866453320945,
      0.31468716962804716
    ],
    [
      0.43159549369376415,
      -0.01751069442776116,
      0.3271960678066112
    ],
    [
      0.4789428545989965,
      -0.001441238454391651,
      0.3410135769023245
    ],
    [
      0.5260636629239734,
      0.015280885296886235,
      0.3562955185415149
    ],
    [
      0.5729234325394937,
      0.03272112587739476,
      0.372854731083679
    ],
    [
      0.6194879941985487,
      0.050934900812709384,
      0.39012953884249685
    ],
    [
      0.6657309843438449,
      0.0699503119913132,
      0.40722623253919205
    ],
    [
      0.7116421314885681,
      0.08975350788798613,
      0.4230310698899297
    ],
    [
      0.7572345713539312,
      0.11027981849208905,
      0.43637196078682366
    ],
    [
      0.8025491228756196,
      0.13141252821721505,
      0.4461978422225728
    ],
    [
      0.8476538427429805,
      0.15298946603672228,
      0.451738223107501
    ],
    [
      0.8926383265068333,
      0.17481596874556624,
      0.45260860569359396
    ],
    [
      0.9376037958257787,
      0.1966816168932343,
      0.4488397275703324
    ],
    [
      0.9826513545579423,
      0.21837764077385158,
      0.44082823707143465
    ],
    [
      1.0278712832613344,
      0.23971207416122517,
      0.4292299369350005
    ],
    [
      1.0733356081069614,
      0.26052061005778754,
      0.4148382192053776
    ],
    [
      1.1190946849499137,
      0.28067270389997495,
      0.39850229541445903
    ],
    [
      1.1651768446666781,
      0.3000746253383862,
      0.38113574765054287
    ],
    [
      1.2115889828962596,
      0.3186733732687071,
      0.3638433733570564
    ],
    [
      1.2583157825584064,
      0.33646680444381705,
      0.34815689134485645
    ],
    [
      1.3053159382993695,
      0.35352509744499694,
      0.33632695515237293
    ],
    [
      1.352514599116713,
      0.3700262009540077,
      0.3315817917963934
    ],
    [
      1.3997910286964899,
      0.3863031541738114,
      0.33824044007204357
    ],
    [
      1.4469580285037829,
      0.4028945413413226,
      0.3615595787587771
    ],
    [
      1.4937253427490482,
      0.42058121176856755,
      0.40718416874177815
    ],
    [
      1.539637322349884,
      0.44038247623450105,
      0.4800628713966829
    ],
    [
      1.5839856135907617,
      0.4634742216430481,
      0.5827555395517777
    ],
    [
      1.6257330678219777,
      0.4909905500488074,
      0.7133917633285846
    ],
    [
      1.6635403575073187,
      0.5237106229348701,
      0.8642114308325267
    ],
    [
      1.6960022830985735,
      0.5617397069536961,
      1.022030867555127
    ],
    [
      1.7220839116682374,
      0.6043980186706648,
      1.1710498910033522
    ],
    [
      1.7415430888636234,
      0.6504558575328344,
      1.2965159905272428
    ],
    [
      1.7550857754781553,
      0.6985867851117594,
      1.3871507366938292
    ],
    [
      1.764216523666504,
      0.7477459818216152,
      1.4357522730033725
    ],
    [
      1.7709482217802668,
      0.7972907512982289,
      1.4427049608476628
    ],
    [
      1.7711692645308101,
      0.7990069677846242,
      1.4427049608476628
    ]
  ]
}