{
  "planner_status": {
    "state": "tracking",
    "ready": true,
    "loop_closure_armed": true,
    "loop_closed": false,
    "travel_distance_m": 4.416125264863777,
    "elapsed_s": 30.120337605000003,
    "start_pose": {
      "x_m": -0.15049604223832888,
      "y_m": 0.02691667507457879,
      "yaw_rad": 0.013892335396812321
    },
    "start_axis": {
      "normal_xy": [
        0.9999035030605944,
        0.013891888537988577
      ],
      "tangent_xy": [
        -0.013891888537988577,
        0.9999035030605944
      ],
      "signed_distance_m": -0.131895551970314,
      "lateral_offset_m": -0.011708264879548283
    },
    "local_path_age_s": 0.0,
    "odom_age_s": 2.3707940578460693,
    "fusion_confidence": "high",
    "corridor_width_m": 1.7027465377321618,
    "route_point_count": 1745,
    "local_path_source": "tracking",
    "continuation_source": "tracking",
    "rolling_scan_count": 9,
    "rolling_point_count": 383,
    "candidate_path_source": "tracking",
    "candidate_path_rejected": false,
    "candidate_path_rejection_reason": null,
    "path_rejection_count": 1,
    "path_rescue_count": 1,
    "path_point_count": 38,
    "path_length_m": 1.4527296034211796,
    "path_forward_span_m": 1.4464913190503033,
    "path_max_curvature_m_inv": 0.9579514417819861,
    "candidate_path_forward_span_m": 1.359048899265257,
    "candidate_path_length_m": 1.408920340164668,
    "candidate_path_max_curvature_m_inv": 0.9742106638444323,
    "path_terminal_heading_deg": 12.899213645499003,
    "route_suffix_heading_deg": 0.1403692163157715,
    "path_heading_alignment_deg": 12.758844429183231,
    "forward_projection_valid": true
  },
  "route_point_count": 15,
  "path_xy_yaw": [
    [
      -0.15049604223832888,
      0.02691667507457879,
      -0.32827598727091595
    ],
    [
      -0.1031660626566403,
      0.010796097144752617,
      -0.34907163960453635
    ],
    [
      -0.056181530619883444,
      -0.006305182024753401,
      -0.374559438789765
    ],
    [
      -0.009648085766339756,
      -0.024598309424196125,
      -0.38460299461841585
    ],
    [
      0.03669928716480684,
      -0.04335786758381724,
      -0.36863316531438617
    ],
    [
      0.08334032431005872,
      -0.061374905441551435,
      -0.33028169034055316
    ],
    [
      0.13063787557922746,
      -0.07759038075372159,
      -0.2818937422825142
    ],
    [
      0.17866439395175235,
      -0.0914991378947175,
      -0.2356301185186604
    ],
    [
      0.22728276536177894,
      -0.103171924805098,
      -0.19823344900198273
    ],
    [
      0.27630356571397874,
      -0.1130188090018688,
      -0.17105893392692975
    ],
    [
      0.32557381876367963,
      -0.12153010515633905,
      -0.15263337555132309
    ],
    [
      0.37499252491819834,
      -0.1291321759997194,
      -0.1409424197134121
    ],
    [
      0.42449672733132043,
      -0.1361559885800053,
      -0.13449421172938422
    ],
    [
      0.47404519126374006,
      -0.1428604439570836,
      -0.13227921523620104
    ],
    [
      0.49743534626428276,
      -0.14597264875121382,
      -0.13227921523620104
    ]
  ]
}