{
  "planner_status": {
    "state": "ready",
    "ready": true,
    "reason": "curve_path_planned",
    "plan_frame_id": "odom_imu_lidar_fused",
    "snapshot_scan_count": 8,
    "path_point_count": 90,
    "planner_pose": {
      "x_m": -0.0019681938652597736,
      "y_m": -0.16469051287804592,
      "yaw_rad": 0.08585657813078049
    },
    "target_pose": {
      "x_m": 1.6421142972071876,
      "y_m": 1.378613381676364,
      "yaw_rad": 1.3250437866330398
    },
    "curve_summary": {
      "valid": true,
      "side": "left",
      "side_label_es": "izquierda",
      "entry_x_m": 0.9057334419369656,
      "entry_y_m": 0.8466373264685059,
      "straight_end_x_m": 0.9057334419369656,
      "window_far_wall_x_m": 2.275,
      "window_width_m": 1.3692665580630343,
      "same_side_gap_m": 1.2,
      "opposite_wall_visible_until_x_m": 2.3057334419369666,
      "score": 3.875413246450428,
      "target_x_m": 1.5903667209684826,
      "target_y_m": 1.396637326468506,
      "gap_only_opening": true,
      "heuristic_name": "gap+opposite_continuity"
    },
    "local_lidar_target": {
      "x_m": 1.5903667209684826,
      "y_m": 1.396637326468506
    }
  },
  "path_point_count": 90,
  "path_xy_yaw": [
    [
      0.15869402606400118,
      0.06772116077155982,
      0.10094998547076503
    ],
    [
      0.17556239625527562,
      0.06942983073919212,
      0.13000268822241914
    ],
    [
      0.19270150469841127,
      0.07167059867129094,
      0.1575716399812959
    ],
    [
      0.21010185828229752,
      0.07443532048139359,
      0.18374736712259884
    ],
    [
      0.2277539638958237,
      0.077715852083037,
      0.20861771126609518
    ],
    [
      0.24564832842787915,
      0.08150404938975847,
      0.2322670765772737
    ],
    [
      0.2637754587673533,
      0.08579176831509522,
      0.2547759430399694
    ],
    [
      0.2821258618031355,
      0.09057086477258425,
      0.27622058652561216
    ],
    [
      0.30069004442411507,
      0.09583319467576279,
      0.29667295631983814
    ],
    [
      0.3194585135191813,
      0.10157061393816802,
      0.31620066987134027
    ],
    [
      0.33842177597722367,
      0.10777497847333717,
      0.33486709256018526
    ],
    [
      0.35757033868713156,
      0.11443814419480741,
      0.35273147713394565
    ],
    [
      0.3768947085377942,
      0.12155196701611576,
      0.36984914315696915
    ],
    [
      0.3963853924181011,
      0.12910830285079944,
      0.3862716814620543
    ],
    [
      0.4160328972169415,
      0.13709900761239568,
      0.4020471723186719
    ],
    [
      0.4358277298232048,
      0.14551593721444156,
      0.4172204089786134
    ],
    [
      0.4557603971257803,
      0.15435094757047424,
      0.431833120562893
    ],
    [
      0.47582140601355744,
      0.16359589459403096,
      0.4459241900338973
    ],
    [
      0.49600126337542555,
      0.17324263419864888,
      0.45952986435745974
    ],
    [
      0.516290476100274,
      0.18328302229786525,
      0.47268395498833893
    ],
    [
      0.5366795510769922,
      0.19370891480521696,
      0.4854180275812651
    ],
    [
      0.5571589951944693,
      0.20451216763424135,
      0.4977615803957491
    ],
    [
      0.577719315341595,
      0.21568463669847576,
      0.5097422112736739
    ],
    [
      0.5983510184072584,
      0.22721817791145704,
      0.5213857733597846
    ],
    [
      0.6190446112803487,
      0.23910464718672236,
      0.5327165199363554
    ],
    [
      0.6397906008497559,
      0.2513359004378092,
      0.5437572388766643
    ],
    [
      0.6605794940043687,
      0.2639037935782544,
      0.5545293773046971
    ],
    [
      0.6814017976330767,
      0.27680018252159533,
      0.5650531570944262
    ],
    [
      0.7022480186247695,
      0.29001692318136896,
      0.5753476818609746
    ],
    [
      0.723108663868336,
      0.3035458714711128,
      0.5854310360959233
    ],
    [
      0.743974240252666,
      0.31737888330436365,
      0.5953203770863191
    ],
    [
      0.7648352546666483,
      0.33150781459465867,
      0.605032020234416
    ],
    [
      0.785682213999173,
      0.34592452125553536,
      0.6145815183687023
    ],
    [
      0.8065056251391289,
      0.36062085920053066,
      0.6239837356058052
    ],
    [
      0.8272959949754053,
      0.3755886843431818,
      0.633252916291867
    ],
    [
      0.8480438303968919,
      0.3908198525970258,
      0.6424027495202568
    ],
    [
      0.8687396382924781,
      0.4063062198756,
      0.6514464296917738
    ],
    [
      0.8893739255510531,
      0.4220396420924416,
      0.6603967135548966
    ],
    [
      0.9099371990615063,
      0.4380119751610875,
      0.6692659741362752
    ],
    [
      0.9304199657127267,
      0.45421507499507496,
      0.6780662519467555
    ],
    [
      0.9508127323936043,
      0.4706407975079415,
      0.6868093038262196
    ],
    [
      0.971106005993028,
      0.4872809986132237,
      0.6955066497700236
    ],
    [
      0.9912902933998872,
      0.5041275342244592,
      0.7041696180625772
    ],
    [
      1.0113561015030716,
      0.521172260255185,
      0.7128093890287439
    ],
    [
      1.03129393719147,
      0.5384070326189382,
      0.7214370377005582
    ],
    [
      1.0510943073539727,
      0.5558237072292561,
      0.7300635756874101
    ],
    [
      1.0707477188794676,
      0.5734141399996754,
      0.7386999925289692
    ],
    [
      1.0902446786568454,
      0.591170186843734,
      0.7473572968055695
    ],
    [
      1.1095756935749947,
      0.6090837036749687,
      0.7560465572765318
    ],
    [
      1.1287312705228056,
      0.6271465464069167,
      0.7647789443163553
    ],
    [
      1.1477019163891666,
      0.6453505709531151,
      0.7735657719191629
    ],
    [
      1.1664781380629674,
      0.6636876332271009,
      0.782418540545383
    ],
    [
      1.1850504424330977,
      0.6821495891424116,
      0.7913489810890316
    ],
    [
      1.2034093363884462,
      0.7007282946125843,
      0.800369100251463
    ],
    [
      1.2215453268179028,
      0.7194156055511559,
      0.8094912276163042
    ],
    [
      1.2394489206103567,
      0.738203377871664,
      0.8187280647303935
    ],
    [
      1.2571106246546968,
      0.7570834674876454,
      0.8280927365087055
    ],
    [
      1.2745209458398135,
      0.7760477303126374,
      0.837598845294297
    ],
    [
      1.2916703910545952,
      0.7950880222601773,
      0.8472605279191001
    ],
    [
      1.3085494671879316,
      0.8141961992438018,
      0.8570925161279142
    ],
    [
      1.325148681128712,
      0.8333641171770487,
      0.8671102007427245
    ],
    [
      1.341458539765826,
      0.8525836319734548,
      0.8773296999610889
    ],
    [
      1.3574695499881626,
      0.871846599546557,
      0.8877679321957566
    ],
    [
      1.3731722186846116,
      0.891144875809893,
      0.8984426938750173
    ],
    [
      1.3885570527440625,
      0.9104703166769998,
      0.909372742630452
    ],
    [
      1.4036145590554034,
      0.9298147780614143,
      0.920577886299959
    ],
    [
      1.4183352445075252,
      0.9491701158766741,
      0.9320790781668487
    ],
    [
      1.4327096159893165,
      0.9685281860363162,
      0.9438985188340017
    ],
    [
      1.446728180389666,
      0.9878808444538771,
      0.9560597650957381
    ],
    [
      1.4603814445974646,
      1.007219947042895,
      0.9685878461077161
    ],
    [
      1.4736599155016004,
      1.0265373497169068,
      0.9815093870631643
    ],
    [
      1.4865540999909634,
      1.045824908389449,
      0.9948527404508993
    ],
    [
      1.4990545049544428,
      1.0650744789740598,
      1.0086481247827515
    ],
    [
      1.511151637280928,
      1.0842779173842758,
      1.022927770423488
    ],
    [
      1.5228360038593083,
      1.103427079533634,
      1.0377260718102315
    ],
    [
