{
  "planner_status": {
    "state": "ready",
    "ready": true,
    "reason": "curve_path_planned",
    "plan_frame_id": "odom_imu_lidar_fused",
    "snapshot_scan_count": 8,
    "path_point_count": 69,
    "planner_pose": {
      "x_m": 0.03194129860355258,
      "y_m": -0.19894180297379174,
      "yaw_rad": 0.20893122538036124
    },
    "tracking_origin_pose": {
      "x_m": -0.11479667430741353,
      "y_m": -0.23005397592877158,
      "yaw_rad": 0.20893122538036124
    },
    "path_start_pose": {
      "x_m": -0.11479667430741353,
      "y_m": -0.23005397592877158,
      "yaw_rad": -0.02176921147404703
    },
    "target_pose": {
      "x_m": 1.886502227102235,
      "y_m": -0.2436800040979561,
      "yaw_rad": 1.4900612171017475
    },
    "entry_line_center_pose": {
      "x_m": 1.8768245353933681,
      "y_m": -0.3632891270074905,
      "yaw_rad": 1.4900612171017493
    },
    "second_corridor_axis_xy": {
      "x": 0.0806474309072256,
      "y": 0.9967426909127872
    },
    "target_depth_into_second_corridor_m": 0.12,
    "target_clearance_inner_m": 0.12,
    "target_clearance_outer_m": 0.07757704216012407,
    "curve_summary": {
      "valid": true,
      "side": "left",
      "side_label_es": "izquierda",
      "entry_x_m": 0.6685960132647105,
      "entry_y_m": 0.1488551535459663,
      "straight_end_x_m": 0.6685960132647105,
      "window_far_wall_x_m": 2.0750000000000006,
      "window_width_m": 1.40640398673529,
      "same_side_gap_m": 1.3000000000000007,
      "opposite_wall_visible_until_x_m": 2.0185960132647116,
      "score": 4.805123189388231,
      "target_x_m": 1.6249507242447079,
      "target_y_m": -0.42842808871761306,
      "entry_line_center_x_m": 1.5906748270262325,
      "entry_line_center_y_m": -0.543428796845296,
      "second_corridor_axis_xy": [
        0.2856324768206275,
        0.9583392343973577
      ],
      "target_depth_into_second_corridor_m": 0.12,
      "target_clearance_inner_m": 0.12,
      "target_clearance_outer_m": 0.07757704216012407,
      "gap_only_opening": true,
      "heuristic_name": "gap+opposite_continuity"
    },
    "path_metrics": {
      "path_max_curvature_m_inv": 6.447194417061322,
      "path_min_turn_radius_m": 0.1551062268812125,
      "path_curvature_limit_m_inv": 0.8122992405822658,
      "path_curvature_limit_respected": false,
      "terminal_heading_tail_length_m_applied": 0.8710553310406313
    },
    "local_lidar_target": {
      "x_m": 1.6249507242447079,
      "y_m": -0.42842808871761306
    }
  },
  "path_point_count": 69,
  "path_xy_yaw": [
    [
      -0.11479667430741353,
      -0.23005397592877158,
      -0.02176921147404703
    ],
    [
      -0.08480378250521618,
      -0.23070700069222447,
      -0.022023898380512722
    ],
    [
      -0.05481105799262474,
      -0.23136766423124447,
      -0.022532961993552328
    ],
    [
      -0.024818673686031273,
      -0.2320435958887062,
      -0.023295782184652152
    ],
    [
      0.0051731862800901435,
      -0.23274240614361685,
      -0.0243114296488113
    ],
    [
      0.035164321032566837,
      -0.2334716771893851,
      -0.02557866743829535
    ],
    [
      0.06515450754419587,
      -0.23423895353872357,
      -0.027095953665394405
    ],
    [
      0.0951434953573471,
      -0.23505173268434873,
      -0.028861445788848833
    ],
    [
      0.125131001478754,
      -0.23591745585754154,
      -0.030873006833652985
    ],
    [
      0.15511670547587708,
      -0.23684349893767492,
      -0.033128213707595604
    ],
    [
      0.18510024480294743,
      -0.23783716357134946,
      -0.03562436744123174
    ],
    [
      0.2150812103823118,
      -0.23890566855528142,
      -0.0383585046612754
    ],
    [
      0.24505914246444466,
      -0.24005614151715152,
      -0.04132740888625549
    ],
    [
      0.27503352678869303,
      -0.24129561088711715,
      -0.044527619289136844
    ],
    [
      0.3050037910675958,
      -0.24263099808295274,
      -0.04795543339869521
    ],
    [
      0.3349693018220384,
      -0.24406910972700852,
      -0.051606898818711174
    ],
    [
      0.36492936160463063,
      -0.24561662956688657,
      -0.055477787461289625
    ],
    [
      0.3948832066671204,
      -0.2472801095784078,
      -0.05956354407083237
    ],
    [
      0.42483000515743063,
      -0.24906595948525126,
      -0.06385919903610207
    ],
    [
      0.4547688559764681,
      -0.2509804336332015,
      -0.06835923375450735
    ],
    [
      0.48469878848781284,
      -0.2530296138101331,
      -0.07305738525330757
    ],
    [
      0.5146187633582573,
      -0.2552193862115694,
      -0.07794637553702474
    ],
    [
      0.5445276749169018,
      -0.25755541032637247,
      -0.08301755038448701
    ],
    [
      0.5744243555569938,
      -0.26004307707340596,
      -0.08826041223675642
    ],
    [
      0.6043075828679514,
      -0.26268745307863284,
      -0.09366203257563721
    ],
    [
      0.6341760903722755,
      -0.2654932075690044,
      -0.09920633096146823
    ],
    [
      0.6640285829465458,
      -0.2684645180053276,
      -0.10487321083702951
    ],
    [
      0.6938637582152491,
      -0.2716049503157707,
      -0.11063754645210196
    ],
    [
      0.7236803354014802,
      -0.27491730946251924,
      -0.11646802093847844
    ],
    [
      0.7534770932713565,
      -0.27840345611580053,
      -0.12232582276087484
    ],
    [
      0.7832529188802555,
      -0.2820640854617603,
      -0.12816321654882395
    ],
    [
      0.8130068687672751,
      -0.28589846467174146,
      -0.13392201470730042
    ],
    [
      0.8427382439849769,
      -0.28990412634536533,
      -0.139531988197994
    ],
    [
      0.8724466798170113,
      -0.29407651633854065,
      -0.14490926841458
    ],
    [
      0.902132250138917,
      -0.2984085958240286,
      -0.14995480701325012
    ],
    [
      0.9317955850249683,
      -0.3028903992238206,
      -0.15455297669060222
    ],
    [
      0.9614379983093585,
      -0.30750855181124287,
      -0.15857041290690582
    ],
    [
      0.9910616193063765,
      -0.3122457533161604,
      -0.16185521399307568
    ],
    [
      1.020669519755777,
      -0.3170802367926934,
      -0.16423663436300437
    ],
    [
      1.0502658233287796,
      -0.32198521535220626,
      -0.17954914870175545
    ],
    [
      1.0903595713369663,
      -0.32926238244759665,
      -0.2055755228868013
    ],
    [
      1.1305739240067827,
      -0.3376479312388907,
      -0.22696960551163123
    ],
    [
      1.170806131534977,
      -0.3469395229123073,
      -0.24400477910518853
    ],
    [
      1.2109534441182952,
      -0.35693481865406457,
      -0.2568780174869664
    ],
    [
      1.250913111953486,
      -0.3674314796503814,
      -0.26570749762998386
    ],
    [
      1.2905823852372953,
      -0.3782271670874761,
      -0.2705293562064249
    ],
    [
      1.3298585141664698,
      -0.3891195421515673,
      -0.27129241361047124
    ],
    [
      1.368638748937759,
      -0.3999062660288734,
      -0.26784984656615235
    ],
    [
      1.4068203397479082,
      -0.41038499990561306,
      -0.25994680704868284
    ],
    [
      1.4443005367936643,
      -0.42035340496800455,
      -0.24720292444440334
    ],
    [
      1.480976590271776,
      -0.4296091424022667,
      -0.22908858663611337
    ],
    [
      1.5167457503789898,
      -0.437949873394618,
      -0.20489406295595203
    ],
    [
      1.5515052673120524,
      -0.4451732591312766,
      -0.1736913081138274
    ],
    [
      1.585152391267711,
      -0.45107696079846143,
      -0.13429051378667078
    ],
    [
      1.6175843724427137,
      -0.4554586395823908,
      -0.0851988411427085
    ],
    [
      1.6486984610338067,
      -0.45811595666928323,
      -0.024600350560009105
    ],
    [
      1.6783919072377378,
      -0.4588465732453575,
      0.049601456607510606
    ],
    [
      1.7065619612512537,
      -0.45744815049683174,
      0.13960038101966973
