{
  "planner_status": {
    "state": "holding_last_path",
    "ready": true,
    "loop_closure_armed": false,
    "loop_closed": false,
    "travel_distance_m": 2.8966686351484583,
    "elapsed_s": 25.365149168999977,
    "start_pose": {
      "x_m": -0.15091965828276474,
      "y_m": -0.35143944354396994,
      "yaw_rad": 0.024429179160597576
    },
    "start_axis": {
      "normal_xy": [
        0.999701622442145,
        0.024426749405990038
      ],
      "tangent_xy": [
        -0.024426749405990038,
        0.999701622442145
      ],
      "signed_distance_m": 1.5509016075039064,
      "lateral_offset_m": 0.3565393211020034
    },
    "local_path_age_s": 0.22216973499996584,
    "odom_age_s": 0.4995155334472656,
    "fusion_confidence": "high",
    "corridor_width_m": 1.029075349263052,
    "route_point_count": 1261,
    "local_path_source": "tracking",
    "rolling_scan_count": 3,
    "rolling_point_count": 210,
    "path_point_count": 33,
    "path_length_m": 1.2720283682220317,
    "path_forward_span_m": 0.0,
    "path_max_curvature_m_inv": 0.9584101836854487
  },
  "route_point_count": 45,
  "path_xy_yaw": [
    [
      -0.15091965828276474,
      -0.35143944354396994,
      0.4195171445922755
    ],
    [
      -0.10525537212269317,
      -0.33107346776349,
      0.41454228076509647
    ],
    [
      -0.05949033350204113,
      -0.3109349166723577,
      0.40486067335314985
    ],
    [
      -0.01353246922417634,
      -0.2912403816177744,
      0.3909999361161987
    ],
    [
      0.032693952445660576,
      -0.27218472787418646,
      0.37372743010626086
    ],
    [
      0.07924260123204109,
      -0.2539303230321233,
      0.35401623172635527
    ],
    [
      0.1261420004020326,
      -0.23659693451642239,
      0.3329941173461473
    ],
    [
      0.17339539448197802,
      -0.22025322784304008,
      0.3118747135641169
    ],
    [
      0.22098339443798393,
      -0.20491105524410488,
      0.29187288086590985
    ],
    [
      0.2688687264750737,
      -0.1905237352864785,
      0.27410974046385783
    ],
    [
      0.31700205464683145,
      -0.17698923422424684,
      0.25951587778706614
    ],
    [
      0.3653277708105666,
      -0.164158600677952,
      0.2487437831091826
    ],
    [
      0.4137888933178478,
      -0.1518492706673588,
      0.2421024077097329
    ],
    [
      0.4623306973514234,
      -0.13986205826571066,
      0.23952766587047886
    ],
    [
      0.5109032044293408,
      -0.1279998680731272,
      0.24060219502773234
    ],
    [
      0.5594629371991777,
      -0.11608549216363004,
      0.24463455589372252
    ],
    [
      0.6079742322474319,
      -0.1039754032820762,
      0.25080112566590634
    ],
    [
      0.656409927704356,
      -0.09156639826274506,
      0.25834289745491423
    ],
    [
      0.7047506607003514,
      -0.07879245864472692,
      0.26679553502752135
    ],
    [
      0.7529816946080984,
      -0.06561037352398366,
      0.2762172120913532
    ],
    [
      0.8010863923336273,
      -0.051974462969640096,
      0.28736870588853414
    ],
    [
      0.8490360414195949,
      -0.03780297213896491,
      0.30179749351683405
    ],
    [
      0.89677622893671,
      -0.022941125166552744,
      0.3217845507848683
    ],
    [
      0.9442098562707628,
      -0.007128124288219018,
      0.35012898328256814
    ],
    [
      0.9911762800809105,
      0.010022824097106453,
      0.3897685472802304
    ],
    [
      1.0374261314772146,
      0.02902154065082183,
      0.443260956117176
    ],
    [
      1.0825940252217763,
      0.050465917935166964,
      0.5121850316072917
    ],
    [
      1.1261778106253157,
      0.07497006968726913,
      0.5965704045453321
    ],
    [
      1.1675411685977364,
      0.10306049607548512,
      0.6945233484061039
    ],
    [
      1.2059591014060271,
      0.13506145142190273,
      0.8022379881330828
    ],
    [
      1.2407140614525485,
      0.17100711005038777,
      0.9144958583461599
    ],
    [
      1.271223543179334,
      0.21061983558404365,
      1.0255550824822548
    ],
    [
      1.2971547398647196,
      0.25336990964364164,
      1.1301354887324593
    ],
    [
      1.3184815851712672,
      0.29859337088486976,
      1.2241750778853882
    ],
    [
      1.3354676703247252,
      0.34561963250312827,
      1.30518326128135
    ],
    [
      1.3485927073439943,
      0.3938661937392315,
      1.3722122649632738
    ],
    [
      1.3584567746444816,
      0.44288352068439235,
      1.4255815132578393
    ],
    [
      1.3656920223121713,
      0.49235725185201085,
      1.466499842215208
    ],
    [
      1.3708973967734948,
      0.5420855482091212,
      1.496686653573894
    ],
    [
      1.3745994892315243,
      0.5919483018357161,
      1.5180441724595228
    ],
    [
      1.3772358737258548,
      0.641878746808546,
      1.532399089554717
    ],
    [
      1.3791552638442812,
      0.6918418920946069,
      1.5413132679258001
    ],
    [
      1.3806292032245302,
      0.7418201622507432,
      1.5459651138305306
    ],
    [
      1.3818706362875939,
      0.7918047483028023,
      1.5472594107598678
    ],
    [
      1.3822121331570798,
      0.8063110585223031,
      1.5472594107598678
    ]
  ]
}