{
  "run_dir": "/work/ros2_ws/apex_curve_track/curve_track_soft_10_20260329T103122Z",
  "initial_pose": {
    "x_m": -0.017216821179807957,
    "y_m": -0.08124485102977622,
    "yaw_rad": 0.10507828072486922,
    "vx_mps": -0.01010675219863315,
    "vy_mps": 0.00969606150731799,
    "yaw_rate_rps": 0.00036808862632195744
  },
  "final_pose": {
    "x_m": 1.999287171073606,
    "y_m": 0.9166012109437414,
    "yaw_rad": 0.6073513667967205,
    "vx_mps": 0.01238150696773245,
    "vy_mps": -0.06888968059286872,
    "yaw_rate_rps": 0.0005308029701798808
  },
  "target_pose": {
    "x_m": 1.9888181167350545,
    "y_m": 0.8303526239792998,
    "yaw_rad": 0.4331004808269258
  },
  "final_error_x_m": 0.010469054338551498,
  "final_error_y_m": 0.0862485869644416,
  "final_error_yaw_deg": 9.983840342484608,
  "goal_distance_m": 0.08688164277974024,
  "time_total_s": 18.04044217699993,
  "end_cause": "timeout",
  "path_point_count": 60,
  "trajectory_row_count": 232,
  "lidar_scan_count": 244,
  "lidar_point_count": 19924,
  "planner_status": {
    "state": "ready",
    "ready": true,
    "reason": "curve_path_planned",
    "plan_frame_id": "odom_imu_lidar_fused",
    "snapshot_scan_count": 8,
    "path_point_count": 60,
    "planner_pose": {
      "x_m": -0.0187293857055518,
      "y_m": -0.0588753721094831,
      "yaw_rad": 0.08686344813648195
    },
    "tracking_origin_pose": {
      "x_m": -0.1681638470377085,
      "y_m": -0.0718885103308408,
      "yaw_rad": 0.08686344813648195
    },
    "path_start_pose": {
      "x_m": -0.1681638470377085,
      "y_m": -0.0718885103308408,
      "yaw_rad": 0.44806810535157704
    },
    "target_pose": {
      "x_m": 1.9888181167350545,
      "y_m": 0.8303526239792998,
      "yaw_rad": 0.4331004808269258
    },
    "curve_summary": {
      "valid": true,
      "side": "left",
      "side_label_es": "izquierda",
      "entry_x_m": 0.9878838843611006,
      "entry_y_m": 0.8441026854991895,
      "straight_end_x_m": 0.9878838843611006,
      "window_far_wall_x_m": 2.3249999999999997,
      "window_width_m": 1.337116115638899,
      "same_side_gap_m": 1.2499999999999998,
      "opposite_wall_visible_until_x_m": 2.3878838843611017,
      "score": 3.999692892511119,
      "target_x_m": 1.897122842995552,
      "target_y_m": 0.7117120897453292,
      "gap_only_opening": true,
      "heuristic_name": "gap+opposite_continuity"
    },
    "path_metrics": {
      "path_max_curvature_m_inv": 0.8014449154644102,
      "path_min_turn_radius_m": 1.2477463899319068,
      "path_curvature_limit_m_inv": 0.8122992405822658
    },
    "local_lidar_target": {
      "x_m": 1.897122842995552,
      "y_m": 0.7117120897453292
    }
  },
  "tracker_status": {
    "state": "goal_line_crossed",
    "terminal": true,
    "cause": "goal_line_crossed"
  },
  "bridge_status": {}
}