{
  "planner_status": {
    "state": "timeout",
    "ready": false,
    "loop_closure_armed": true,
    "loop_closed": false,
    "travel_distance_m": 7.403101549084902,
    "elapsed_s": 61.00021471900001,
    "start_pose": {
      "x_m": -0.15205605033917208,
      "y_m": 0.2491118750705603,
      "yaw_rad": -0.041154760334777454
    },
    "start_axis": {
      "normal_xy": [
        0.999153262371984,
        -0.0411431439175626
      ],
      "tangent_xy": [
        0.0411431439175626,
        0.999153262371984
      ],
      "signed_distance_m": 1.7983544434819894,
      "lateral_offset_m": -0.13971466883621683
    },
    "local_path_age_s": 1.1414891620000276,
    "odom_age_s": 0.027454376220703125,
    "fusion_confidence": "high",
    "corridor_width_m": 1.7860486695610067,
    "route_point_count": 3211,
    "local_path_source": "tracking",
    "terminal_cause": "timeout"
  },
  "route_point_count": 52,
  "path_xy_yaw": [
    [
      -0.15205605033917208,
      0.2491118750705603,
      -0.4504199746959416
    ],
    [
      -0.1070428329176603,
      0.2273446920336207,
      -0.43985043727211176
    ],
    [
      -0.06180206502929337,
      0.2060544848748675,
      -0.418780428164785
    ],
    [
      -0.0161227873150949,
      0.18572215624849883,
      -0.3876722724558009
    ],
    [
      0.03016678909510655,
      0.16682043371295655,
      -0.34786398012476627
    ],
    [
      0.07717193935331103,
      0.14977590832787266,
      -0.3019280137457706
    ],
    [
      0.12491018661599078,
      0.134907830445575,
      -0.2536220879637212
    ],
    [
      0.17331068393993718,
      0.12236223974286059,
      -0.20731761370597643
    ],
    [
      0.22224001208536798,
      0.11207045495397353,
      -0.16707697463143034
    ],
    [
      0.2715437659955205,
      0.10375541791255868,
      -0.1357676341507415
    ],
    [
      0.32108365210716083,
      0.09698787186979103,
      -0.11459070540011217
    ],
    [
      0.37075573540886236,
      0.09127086748770374,
      -0.10318187788649354
    ],
    [
      0.42048980896760657,
      0.0861209231037318,
      -0.10016646986323656
    ],
    [
      0.47023918557797423,
      0.08112097043037206,
      -0.10386628234452408
    ],
    [
      0.5199697228365759,
      0.07593698903432797,
      -0.11283395098712261
    ],
    [
      0.569651772851834,
      0.07030725508137026,
      -0.1260167000730986
    ],
    [
      0.6192552927026241,
      0.06402308327451356,
      -0.1425491703228954
    ],
    [
      0.6687481456650314,
      0.05691973889318679,
      -0.1613490429771975
    ],
    [
      0.7180987185177357,
      0.04888724523731892,
      -0.18077037094897067
    ],
    [
      0.7672839925605269,
      0.039897873003548606,
      -0.19853449858001593
    ],
    [
      0.8163018263103796,
      0.0300362315580649,
      -0.21202932586444678
    ],
    [
      0.8651821197092253,
      0.019514020925448346,
      -0.21890279192687997
    ],
    [
      0.9139889349671569,
      0.008656084456677057,
      -0.21774659032058574
    ],
    [
      0.9628082715522879,
      -0.0021454142465636996,
      -0.20861911111141204
    ],
    [
      1.0117241636246521,
      -0.012500871714597449,
      -0.19320074138714902
    ],
    [
      1.0607938994473518,
      -0.022100924894685573,
      -0.1744936751269478
    ],
    [
      1.110034627793436,
      -0.030781401073432954,
      -0.1561410269386967
    ],
    [
      1.1594263645495546,
      -0.038556768384245696,
      -0.1415873955533786
    ],
    [
      1.2089260264687667,
      -0.0456125085147675,
      -0.13336166397729887
    ],
    [
      1.258482051738679,
      -0.05226084360264999,
      -0.1327007357001287
    ],
    [
      1.3080424602496628,
      -0.058876424261416795,
      -0.13958815321830137
    ],
    [
      1.3575561293501877,
      -0.06583318853467525,
      -0.1531256146807078
    ],
    [
      1.4069710874284893,
      -0.07345958426886363,
      -0.1720477968186198
    ],
    [
      1.4562328998091876,
      -0.08201959776570886,
      -0.19516687926218396
    ],
    [
      1.505283665685237,
      -0.09171611017725122,
      -0.2216004062619056
    ],
    [
      1.5540610126844558,
      -0.10270566890241911,
      -0.25076418341801676
    ],
    [
      1.6024971662906937,
      -0.11511288452982961,
      -0.2822358167324294
    ],
    [
      1.6505189238053017,
      -0.1290380694384787,
      -0.31564496430547845
    ],
    [
      1.6980487414781322,
      -0.14455955114535982,
      -0.350691449600247
    ],
    [
      1.7450055106331008,
      -0.16173691370303817,
      -0.3872646896380208
    ],
    [
      1.791302786696951,
      -0.18061976762159837,
      -0.4255243752539688
    ],
    [
      1.8368439058895623,
      -0.2012596898860649,
      -0.4657915525900874
    ],
    [
      1.8815172218495475,
      -0.22371619786220842,
      -0.5082150889741757
    ],
    [
      1.925197944364626,
      -0.24804713225519187,
      -0.5523512523993133
    ],
    [
      1.9677626031125302,
      -0.27428164570459274,
      -0.5968992366822573
    ],
    [
      2.009116725355325,
      -0.30238567458199933,
      -0.639781596357884
    ],
    [
      2.049228032814161,
      -0.33223668619051494,
      -0.6785654840023587
    ],
    [
      2.08815172872294,
      -0.3636205324777819,
      -0.7110186637785123
    ],
    [
      2.1260366024848025,
      -0.39625082955875224,
      -0.735526201909782
    ],
    [
      2.1631104916472266,
      -0.4297997001897972,
      -0.7512066540531444
    ],
    [
      2.1996537833282237,
      -0.4639257581070158,
      -0.7579776444739368
    ],
    [
      2.224954321672813,
      -0.4878754899194786,
      -0.7579776444739368
    ]
  ]
}