{
  "planner_status": {
    "state": "fallback_curve_window",
    "ready": true,
    "loop_closure_armed": false,
    "loop_closed": false,
    "travel_distance_m": 3.028150393087265,
    "elapsed_s": 20.120783786000004,
    "start_pose": {
      "x_m": -0.1497583933584256,
      "y_m": -0.07339474400950279,
      "yaw_rad": -0.05928706716336424
    },
    "start_axis": {
      "normal_xy": [
        0.9982430365615228,
        -0.05925234135821371
      ],
      "tangent_xy": [
        0.05925234135821371,
        0.9982430365615228
      ],
      "signed_distance_m": 1.7776855023913951,
      "lateral_offset_m": 0.03960285993605753
    },
    "local_path_age_s": 0.0,
    "odom_age_s": 0.4692878723144531,
    "fusion_confidence": "high",
    "corridor_width_m": 1.5612660478527407,
    "route_point_count": 1417,
    "local_path_source": "fallback_curve_window",
    "rolling_scan_count": 3,
    "rolling_point_count": 174,
    "candidate_path_source": "fallback_curve_window",
    "candidate_path_rejected": false,
    "candidate_path_rejection_reason": null,
    "path_rejection_count": 1,
    "path_rescue_count": 1,
    "path_point_count": 29,
    "path_length_m": 1.1069518291528666,
    "path_forward_span_m": 1.0442267890876806,
    "path_max_curvature_m_inv": 0.9731013895189213,
    "candidate_path_forward_span_m": 1.0442267890876806,
    "candidate_path_length_m": 1.1069518291528666,
    "candidate_path_max_curvature_m_inv": 0.9731013895188857
  },
  "route_point_count": 55,
  "path_xy_yaw": [
    [
      -0.1497583933584256,
      -0.07339474400950279,
      0.046601036651999696
    ],
    [
      -0.09981267494937021,
      -0.07106553543074809,
      0.04856459379162517
    ],
    [
      -0.04987162635575259,
      -0.0686382601332338,
      0.05230352269927439
    ],
    [
      5.9997771963851805e-05,
      -0.06602427620664932,
      0.05747854366290499
    ],
    [
      0.049977425934465206,
      -0.06315193123407045,
      0.06366727494852374
    ],
    [
      0.0998761221136884,
      -0.05997071768991387,
      0.07045120101744137
    ],
    [
      0.14975208913511634,
      -0.05645107087846594,
      0.07750530410404587
    ],
    [
      0.19960198749286492,
      -0.05257968434106582,
      0.08467203627247345
    ],
    [
      0.24942286070668035,
      -0.04835113941252859,
      0.09200259450001162
    ],
    [
      0.29921139799506874,
      -0.043757496557199974,
      0.09975342129602427
    ],
    [
      0.3489628355862414,
      -0.038778093218360725,
      0.10833399540242479
    ],
    [
      0.39866971606764035,
      -0.03337198252708736,
      0.11821185544246668
    ],
    [
      0.44832077162954137,
      -0.027475145952661064,
      0.12979026077893902
    ],
    [
      0.4979002246929141,
      -0.021003837435138225,
      0.143280634433172
    ],
    [
      0.5473878686158047,
      -0.013864292705635039,
      0.15859417474918938
    ],
    [
      0.5967603826809503,
      -0.005967783675968464,
      0.1752740222215567
    ],
    [
      0.6459943223022708,
      0.0027511147243099235,
      0.19248161302954475
    ],
    [
      0.6950709491574698,
      0.012315877996481085,
      0.20904002337856145
    ],
    [
      0.743982478190345,
      0.02269192385253249,
      0.22352586753490725
    ],
    [
      0.7927385749967514,
      0.033775381082436745,
      0.23439271262962535
    ],
    [
      0.8413713532265329,
      0.04538799842919776,
      0.24010540133614283
    ],
    [
      0.8899369989906374,
      0.05727824870054566,
      0.2392667071890542
    ],
    [
      0.9385125999559121,
      0.06912776307190996,
      0.23072375827052025
    ],
    [
      0.9871876569239586,
      0.08056187121509358,
      0.2136486117553292
    ],
    [
      1.0360508477805914,
      0.09116321918786673,
      0.18759234222546986
    ],
    [
      1.0851736525657967,
      0.10048792017187498,
      0.15251363824315795
    ],
    [
      1.1345932685771503,
      0.10808407369171566,
      0.10878184655332666
    ],
    [
      1.1842977228028257,
      0.11351244510864701,
      0.057152901512048555
    ],
    [
      1.2342160833396507,
      0.11636853469134606,
      -0.0012827925851668588
    ],
    [
      1.284216041494207,
      0.11630439508058495,
      -0.06517735744249321
    ],
    [
      1.3341098755904008,
      0.11304783412927133,
      -0.13301764922602852
    ],
    [
      1.3836681829577753,
      0.10641654771854994,
      -0.20321747666587844
    ],
    [
      1.4326392945503894,
      0.09632546642077704,
      -0.27419388785478166
    ],
    [
      1.4807714797691243,
      0.08278691620656373,
      -0.34441741807126786
    ],
    [
      1.527835091232264,
      0.0659044995202768,
      -0.41243678074158535
    ],
    [
      1.573642425273974,
      0.04586235339787435,
      -0.47688915030083123
    ],
    [
      1.6180637783156748,
      0.02291147392439919,
      -0.5365129173732038
    ],
    [
      1.6610385890910375,
      -0.0026456221725135033,
      -0.5901779239083758
    ],
    [
      1.7025806696135122,
      -0.030471062892442315,
      -0.6369396042487417
    ],
    [
      1.742776649917225,
      -0.06020795705288055,
      -0.6761118713512705
    ],
    [
      1.7817772315752656,
      -0.09149620464368195,
      -0.7073434703533092
    ],
    [
      1.8197817714279652,
      -0.12398704705681686,
      -0.7306771685133103
    ],
    [
      1.8570179034652317,
      -0.15735575124891688,
      -0.7465718652042842
    ],
    [
      1.8937189690559477,
      -0.19131207270503434,
      -0.7558741267918008
    ],
    [
      1.9301025808256789,
      -0.2256083231056362,
      -0.759736339719401
    ],
    [
      1.9663534621639003,
      -0.26004483864060146,
      -0.7594912777486007
    ],
    [
      2.002612781480735,
      -0.2944724694167096,
      -0.7565041423606789
    ],
    [
      2.0389747788518915,
      -0.3287916352440497,
      -0.7520295542035905
    ],
    [
      2.075489975818916,
      -0.3629477530779713,
      -0.7471002070410265
    ],
    [
      2.112173095840149,
      -0.39692346059242356,
      -0.7424660087294475
    ],
    [
      2.1490132715750887,
      -0.43072880704441124,
      -0.7385900238329781
    ],
    [
      2.1859841992748703,
      -0.464391107965439,
      -0.7356941381034465
    ],
    [
      2.223052454000919,
      -0.49794620431243886,
      -0.7338357985996716
    ],
    [
      2.2601830014501076,
      -0.5314323573607364,
      -0.732981842133515
    ],
    [
      2.2915426557226244,
      -0.5596655119711218,
      -0.732981842133515
    ]
  ]
}